Port,DateHMS,Status,X200,X202.5,X205,X207.5,X210,X212.5,X215,X217.5,X220,X222.5,X225,X227.5,X230,X232.5,X235,X237.5,X240,X242.5,X245,X247.5,X250,X252.5,X255,X257.5,X260,X262.5,X265,X267.5,X270,X272.5,X275,X277.5,X280,X282.5,X285,X287.5,X290,X292.5,X295,X297.5,X300,X302.5,X305,X307.5,X310,X312.5,X315,X317.5,X320,X322.5,X325,X327.5,X330,X332.5,X335,X337.5,X340,X342.5,X345,X347.5,X350,X352.5,X355,X357.5,X360,X362.5,X365,X367.5,X370,X372.5,X375,X377.5,X380,X382.5,X385,X387.5,X390,X392.5,X395,X397.5,X400,X402.5,X405,X407.5,X410,X412.5,X415,X417.5,X420,X422.5,X425,X427.5,X430,X432.5,X435,X437.5,X440,X442.5,X445,X447.5,X450,X452.5,X455,X457.5,X460,X462.5,X465,X467.5,X470,X472.5,X475,X477.5,X480,X482.5,X485,X487.5,X490,X492.5,X495,X497.5,X500,X502.5,X505,X507.5,X510,X512.5,X515,X517.5,X520,X522.5,X525,X527.5,X530,X532.5,X535,X537.5,X540,X542.5,X545,X547.5,X550,X552.5,X555,X557.5,X560,X562.5,X565,X567.5,X570,X572.5,X575,X577.5,X580,X582.5,X585,X587.5,X590,X592.5,X595,X597.5,X600,X602.5,X605,X607.5,X610,X612.5,X615,X617.5,X620,X622.5,X625,X627.5,X630,X632.5,X635,X637.5,X640,X642.5,X645,X647.5,X650,X652.5,X655,X657.5,X660,X662.5,X665,X667.5,X670,X672.5,X675,X677.5,X680,X682.5,X685,X687.5,X690,X692.5,X695,X697.5,X700,X702.5,X705,X707.5,X710,X712.5,X715,X717.5,X720,X722.5,X725,X727.5,X730,,,
2,5/20/19 12:43,Ok,22.7433,20.7353,18.3413,16.0706,14.3101,13.2529,12.712,12.458,12.3771,12.4033,12.5525,12.7615,12.8829,12.9532,13.0524,13.1342,13.1506,13.055,12.7817,12.4125,12.005,11.461,10.6741,9.8254,9.2721,8.9342,8.6109,8.3802,8.2312,8.1114,8.0014,7.8917,7.7883,7.6989,7.6056,7.4849,7.3484,7.2172,7.1121,6.9935,6.8444,6.6826,6.5719,6.4881,6.4021,6.3261,6.2379,6.1563,6.1015,6.0554,5.9999,5.9318,5.8715,5.84,5.798,5.7322,5.6857,5.6359,5.5672,5.5167,5.4683,5.4193,5.3662,5.3147,5.2622,5.2241,5.1539,5.0904,5.0972,5.0608,4.9834,4.9702,4.9469,4.8983,4.919,4.9217,4.8824,4.8868,4.8801,4.8663,4.8382,4.7828,4.7418,4.6881,4.6619,4.6085,4.4984,4.4421,4.4418,4.4797,4.4991,4.4202,4.331,4.3111,4.3285,4.3367,4.3106,4.2626,4.2485,4.2732,4.2402,4.2123,4.2067,4.1919,4.183,4.1799,4.1582,4.1256,4.107,4.1224,4.1238,4.0973,4.1028,4.141,4.1421,4.0955,4.0495,4.0336,4.0361,4.015,4.0065,3.9966,3.9957,4.0053,3.9933,3.9855,3.9909,3.9725,3.9572,3.9402,3.9454,3.9383,3.9353,3.9671,3.9372,3.8951,3.9147,3.9326,3.8792,3.8104,3.8081,3.8485,3.8627,3.8438,3.791,3.7847,3.8287,3.8364,3.8035,3.7872,3.833,3.8151,3.7782,3.7961,3.7646,3.7752,3.7689,3.7259,3.7381,3.7859,3.7301,3.6896,3.7086,3.6877,3.6814,3.6891,3.6637,3.6613,3.6546,3.6358,3.6421,3.6483,3.6423,3.6488,3.6835,3.6595,3.6117,3.5926,3.6142,3.6411,3.5628,3.5357,3.6254,3.6283,3.5684,3.5801,3.5848,3.5552,3.5443,3.5435,3.5581,3.572,3.5731,3.5058,3.5102,3.5482,3.5292,3.6019,3.5654,3.4692,3.4827,3.4428,3.4359,3.453,3.4878,3.5412,3.5178,3.4285,3.3393,3.3188,3.3164,3.2825,3.2588,,,
2,5/23/19 12:16,Ok,12.9473,12.4654,11.8067,11.1392,10.5799,10.2066,9.9645,9.7943,9.672,9.5264,9.3679,9.3108,9.2774,9.1289,8.97,8.8852,8.8406,8.7885,8.6837,8.5755,8.4479,8.2726,8.0558,7.9151,7.8588,7.7387,7.6001,7.5419,7.5112,7.4637,7.3892,7.3016,7.2464,7.1967,7.1404,7.0588,6.9725,6.9048,6.8589,6.8177,6.7439,6.6547,6.5999,6.5727,6.5414,6.492,6.4248,6.3776,6.3277,6.3006,6.2963,6.2505,6.1957,6.1766,6.1611,6.1289,6.0984,6.074,6.0455,6.0107,5.973,5.9487,5.9336,5.9272,5.9162,5.9084,5.8546,5.7803,5.782,5.7725,5.7224,5.7245,5.7018,5.6614,5.7042,5.7231,5.683,5.7129,5.7299,5.6908,5.6674,5.6466,5.628,5.6211,5.6141,5.5564,5.4284,5.3699,5.4006,5.4799,5.5639,5.4973,5.3944,5.3733,5.3845,5.3858,5.3765,5.337,5.3185,5.3735,5.3477,5.2977,5.2993,5.2978,5.2987,5.3084,5.2801,5.2355,5.2282,5.2374,5.2508,5.2394,5.2039,5.2468,5.2691,5.2399,5.1907,5.164,5.184,5.1533,5.1441,5.1448,5.1606,5.1706,5.1411,5.1415,5.1385,5.113,5.1169,5.1128,5.0914,5.0742,5.1152,5.1814,5.1181,5.0414,5.0722,5.124,5.0906,5.0071,5.002,5.0191,5.0411,5.0425,4.9849,5.0169,5.055,5.0145,5.0016,4.9966,5.0312,5.0313,5,4.9801,4.9701,4.995,4.9709,4.9312,4.9377,4.9738,4.9533,4.9486,4.9494,4.9133,4.8975,4.8738,4.8905,4.8769,4.8659,4.859,4.8809,4.8917,4.8381,4.8687,4.9017,4.8782,4.8661,4.857,4.8511,4.8337,4.7674,4.7461,4.8217,4.8829,4.824,4.7957,4.8199,4.8264,4.7733,4.7168,4.7549,4.8387,4.7882,4.7356,4.8051,4.8205,4.7605,4.7726,4.7526,4.7137,4.7288,4.705,4.7164,4.7398,4.7582,4.7379,4.6563,4.5977,4.6054,4.5924,4.5387,4.5187,4.5096,,,
2,5/27/19 10:20,Ok,22.9038,21.7094,20.2475,18.7773,17.5291,16.638,16.0387,15.5858,15.218,14.9036,14.6435,14.5148,14.395,14.1625,13.9356,13.7919,13.6895,13.5493,13.3402,13.1098,12.8443,12.532,12.1535,11.8408,11.6304,11.3857,11.1558,11.0274,10.9225,10.8086,10.6627,10.5027,10.3948,10.2792,10.1408,9.9979,9.8371,9.6768,9.5624,9.4411,9.2775,9.1178,9,8.9061,8.8197,8.7155,8.6063,8.5098,8.4115,8.3452,8.2965,8.2123,8.1268,8.0697,8.0177,7.9512,7.8797,7.8149,7.7463,7.6851,7.6253,7.5591,7.5037,7.4687,7.4199,7.3714,7.2767,7.1761,7.1676,7.1461,7.0757,7.0592,7.0126,6.944,6.9615,6.9637,6.9062,6.9115,6.8914,6.84,6.8089,6.7662,6.7245,6.6771,6.653,6.5648,6.4105,6.3377,6.3303,6.4035,6.4897,6.3997,6.2356,6.1847,6.1933,6.1707,6.1615,6.1385,6.0839,6.1023,6.077,5.9953,5.9623,5.9918,6.0004,5.9572,5.9106,5.8756,5.8341,5.8413,5.8726,5.8417,5.7925,5.8505,5.9078,5.8444,5.7345,5.6952,5.7036,5.657,5.6237,5.6679,5.6794,5.6539,5.6522,5.6506,5.6331,5.599,5.591,5.5713,5.5526,5.5724,5.6178,5.6302,5.5273,5.4415,5.494,5.572,5.4981,5.3867,5.393,5.3849,5.4029,5.4132,5.3636,5.3953,5.3984,5.36,5.3747,5.3718,5.3828,5.3767,5.365,5.3088,5.2843,5.3157,5.2936,5.269,5.2905,5.3098,5.2941,5.257,5.2329,5.2408,5.2436,5.2005,5.1861,5.1718,5.1487,5.1347,5.1298,5.1573,5.1737,5.1889,5.2087,5.164,5.114,5.1124,5.1174,5.0916,5.0219,5.0163,5.1107,5.1372,5.076,5.0668,5.0635,5.0667,5.0364,4.988,5.0024,5.0649,5.0516,4.9627,4.9962,5.0665,5.0546,5.0537,5.0111,4.9523,4.943,4.9067,4.9079,4.9331,4.9705,4.9833,4.9236,4.8755,4.8514,4.7814,4.7151,4.6973,4.6997,,,
2,5/30/19 11:38,Ok,11.7142,11.3477,10.8845,10.4087,9.9997,9.7361,9.5576,9.4199,9.3176,9.1602,8.9852,8.9796,8.9786,8.785,8.6017,8.5205,8.5154,8.5053,8.4137,8.3379,8.2212,8.0472,7.867,7.8269,7.858,7.728,7.5812,7.5469,7.5438,7.514,7.43,7.3241,7.2694,7.2334,7.1814,7.1119,7.0309,6.9611,6.9292,6.8978,6.8189,6.7356,6.6905,6.6726,6.649,6.5971,6.5365,6.4809,6.4263,6.4135,6.4177,6.3729,6.3202,6.3152,6.2959,6.2593,6.2307,6.1928,6.1817,6.166,6.1258,6.0946,6.0837,6.0903,6.092,6.0741,6.006,5.9362,5.9521,5.9549,5.9267,5.9309,5.9118,5.8591,5.8856,5.9112,5.8853,5.9254,5.9269,5.8889,5.8786,5.8724,5.8621,5.8294,5.8494,5.8004,5.6251,5.5643,5.6286,5.7399,5.851,5.8093,5.6604,5.6172,5.6465,5.6476,5.6391,5.6174,5.6202,5.6594,5.6289,5.575,5.5682,5.5851,5.6089,5.5967,5.5602,5.5373,5.5151,5.5303,5.5474,5.5253,5.4943,5.5582,5.6315,5.5733,5.5074,5.4967,5.4806,5.436,5.4618,5.4733,5.4734,5.475,5.4576,5.4851,5.4914,5.4493,5.4499,5.4541,5.4302,5.4221,5.4793,5.5376,5.4623,5.3838,5.4183,5.4737,5.4685,5.3589,5.3205,5.3994,5.4306,5.3943,5.3494,5.3813,5.3682,5.3622,5.3802,5.3686,5.4236,5.4347,5.3599,5.3283,5.3481,5.3613,5.3643,5.3487,5.322,5.362,5.3635,5.3368,5.3174,5.2907,5.2944,5.3008,5.323,5.2848,5.2274,5.2666,5.2932,5.2805,5.2596,5.2918,5.3406,5.3018,5.2856,5.2787,5.2664,5.2268,5.1876,5.195,5.2481,5.2761,5.228,5.2393,5.2593,5.2511,5.1774,5.1286,5.2063,5.2778,5.2486,5.1856,5.2169,5.2408,5.2207,5.2187,5.1616,5.1477,5.2174,5.2157,5.1877,5.2043,5.2228,5.1905,5.1044,5.048,5.0987,5.1181,5.057,5.0092,4.9977,,,
2,6/3/19 10:47,Ok,12.626,12.3323,11.9648,11.5584,11.191,10.9576,10.7897,10.6321,10.5015,10.3364,10.1642,10.1375,10.0761,9.8379,9.6431,9.5402,9.4893,9.4277,9.323,9.2353,9.0938,8.9282,8.7846,8.7711,8.7857,8.6266,8.4718,8.4236,8.3968,8.339,8.2333,8.1186,8.0511,7.9919,7.918,7.8343,7.7475,7.6617,7.6061,7.5555,7.4592,7.3718,7.3095,7.2691,7.2372,7.174,7.0861,7.0139,6.9585,6.9221,6.9033,6.8516,6.7873,6.7657,6.7235,6.685,6.6602,6.6001,6.5635,6.5249,6.4742,6.4372,6.4126,6.3977,6.3733,6.3347,6.2695,6.1839,6.1847,6.1893,6.1329,6.1142,6.0778,6.0288,6.0479,6.0485,6.01,6.032,6.0185,5.9761,5.963,5.9398,5.9244,5.8861,5.8808,5.8224,5.6653,5.6015,5.643,5.7435,5.8201,5.7503,5.6124,5.5684,5.5938,5.599,5.5686,5.5269,5.5362,5.5631,5.5141,5.4547,5.4483,5.4616,5.4867,5.467,5.4101,5.3944,5.3809,5.3777,5.3979,5.3897,5.3487,5.3982,5.4782,5.4158,5.3232,5.3032,5.2905,5.251,5.2661,5.2876,5.2779,5.2802,5.2875,5.2901,5.2632,5.24,5.2584,5.2309,5.2061,5.2134,5.2645,5.3072,5.2285,5.1548,5.1758,5.2428,5.2331,5.1211,5.0909,5.1307,5.1616,5.1302,5.1094,5.1586,5.1278,5.1017,5.111,5.1099,5.156,5.1704,5.1135,5.0722,5.0707,5.0878,5.0664,5.0643,5.0831,5.1072,5.1049,5.0577,5.0201,5.0256,5.0454,5.0246,5.0171,4.9965,4.9361,4.9683,5.0343,5.0258,4.9717,4.993,5.058,5.0172,4.9855,4.9983,4.9933,4.9563,4.8941,4.893,4.9683,5.0136,4.9481,4.9235,4.9599,4.9659,4.9064,4.8558,4.918,4.9769,4.9383,4.8704,4.9001,4.944,4.9363,4.9207,4.8461,4.8542,4.9285,4.917,4.8812,4.8658,4.894,4.8677,4.7738,4.7268,4.7594,4.7983,4.7559,4.6947,4.6842,,,
2,6/13/19 10:43,Ok,19.0045,18.0403,17.3246,16.6083,15.9021,15.2927,14.7373,14.1973,13.6856,13.1278,12.5243,12.2319,12.0671,11.6433,11.2517,11.0058,10.8658,10.7468,10.5447,10.4002,10.2095,9.9705,9.7551,9.7285,9.7794,9.5819,9.3837,9.3579,9.3592,9.3114,9.1947,9.0633,8.9974,8.9476,8.8624,8.7654,8.6677,8.5729,8.524,8.4814,8.3777,8.2781,8.2135,8.1682,8.1452,8.0847,7.9902,7.9094,7.8438,7.819,7.8116,7.7438,7.669,7.6519,7.6183,7.5671,7.5219,7.4864,7.4588,7.4156,7.3604,7.3219,7.3148,7.3083,7.3008,7.2883,7.199,7.1096,7.1227,7.1396,7.1308,7.1453,7.1159,7.0587,7.0925,7.1231,7.0753,7.082,7.0899,7.0385,6.9966,6.9869,6.9839,6.9621,6.9789,6.8844,6.6383,6.5245,6.5908,6.7583,6.9192,6.867,6.6778,6.6163,6.644,6.6336,6.6074,6.5918,6.6055,6.6391,6.592,6.5321,6.5299,6.521,6.584,6.6042,6.508,6.4666,6.4842,6.4823,6.4767,6.4801,6.445,6.4804,6.5674,6.5471,6.4272,6.3721,6.3796,6.3544,6.3824,6.4175,6.4074,6.4158,6.4221,6.4298,6.3834,6.3689,6.42,6.3853,6.3133,6.302,6.3984,6.4733,6.3693,6.2759,6.312,6.3753,6.3739,6.267,6.2406,6.2574,6.2633,6.2797,6.2538,6.3052,6.3158,6.2692,6.278,6.2957,6.3266,6.3309,6.2842,6.2305,6.2419,6.2541,6.227,6.2331,6.2528,6.2826,6.303,6.275,6.1999,6.2048,6.2448,6.2089,6.2138,6.1934,6.1124,6.1266,6.1602,6.1482,6.1623,6.2447,6.2786,6.2115,6.1882,6.1719,6.1462,6.1339,6.1104,6.114,6.177,6.1968,6.1112,6.0788,6.1359,6.1796,6.1523,6.0859,6.1021,6.1473,6.13,6.0819,6.096,6.1525,6.1711,6.1831,6.1349,6.0804,6.0495,6.0003,6.0374,6.1406,6.1947,6.0979,5.9801,5.9747,5.9806,5.9456,5.9137,5.9007,5.9025,,,
2,7/3/19 15:43,Ok,-1.1267,-0.5408,-0.1881,0.0242,0.1831,0.3096,0.4042,0.4777,0.5406,0.5479,0.5901,0.66,0.6859,0.7191,0.7458,0.766,0.7921,0.8054,0.8374,0.8743,0.8912,0.8841,0.8731,0.8976,0.9221,0.9176,0.9257,0.935,0.9436,0.9586,0.9637,0.9605,0.951,0.9537,0.9592,0.9634,0.9689,0.9675,0.9791,0.9918,0.9895,1.0048,1.0225,1.0382,1.048,1.0427,1.0351,1.0391,1.0305,1.0331,1.0509,1.046,1.0441,1.0656,1.0551,1.0588,1.0876,1.0853,1.0695,1.0741,1.085,1.0817,1.0685,1.0599,1.075,1.0722,1.0344,0.9797,0.9184,0.8304,0.7516,0.7734,0.8401,0.8908,0.9576,1.0019,1.0105,1.0466,1.0513,1.0558,1.0852,1.0839,1.0856,1.0961,1.1531,1.1604,1.0907,1.101,1.1463,1.1712,1.1747,1.1256,1.1247,1.1709,1.169,1.1673,1.1677,1.1413,1.1472,1.196,1.1804,1.1617,1.1556,1.1668,1.1752,1.1614,1.1646,1.19,1.1776,1.1713,1.1857,1.1758,1.1612,1.1664,1.1873,1.1403,1.1152,1.1586,1.1938,1.1791,1.1901,1.2023,1.1943,1.1902,1.1749,1.19,1.1725,1.1656,1.1828,1.1497,1.1544,1.1588,1.1288,1.1682,1.2009,1.1694,1.1973,1.2296,1.1601,1.1268,1.1592,1.1847,1.2193,1.1889,1.1524,1.1974,1.1988,1.1599,1.1453,1.1455,1.1744,1.2143,1.1921,1.1549,1.1727,1.2048,1.1758,1.1114,1.1314,1.1903,1.1471,1.0903,1.0984,1.0811,1.0711,1.0924,1.101,1.0993,1.0771,1.093,1.121,1.1066,1.058,1.0301,1.1011,1.1358,1.1225,1.084,1.0657,1.0558,1.0078,1.0101,1.0881,1.1171,1.0514,1.0407,1.0517,1.0413,0.9958,0.9932,1.0414,1.0505,1.0137,1.0031,1.0485,1.05,0.9895,1.0271,1.0267,0.9823,1.0212,1.0072,0.9594,0.9118,0.9398,1.0218,0.9828,0.8599,0.8422,0.8044,0.7359,0.7155,0.7006,,,
2,7/8/19 12:19,Ok,24.2701,23.3515,22.0308,20.4724,19.0002,17.9117,17.1882,16.7009,16.3918,16.1878,16.0691,16.074,16.0534,15.95,15.8904,15.8643,15.8508,15.7597,15.5629,15.3246,15.046,14.7098,14.2172,13.7002,13.338,13.0356,12.7301,12.5013,12.3281,12.166,11.9959,11.8126,11.6533,11.5133,11.3483,11.1652,10.9624,10.7637,10.6099,10.4453,10.2496,10.0542,9.8822,9.7505,9.6261,9.4964,9.3681,9.2431,9.124,9.0394,8.9723,8.8744,8.772,8.707,8.6351,8.5608,8.4819,8.3867,8.3134,8.261,8.1813,8.0899,8.0284,7.9844,7.9291,7.8622,7.7672,7.6641,7.6276,7.5828,7.4934,7.4493,7.4087,7.347,7.3278,7.3007,7.2392,7.2215,7.1935,7.1429,7.0902,7.0226,6.9632,6.8983,6.8532,6.7639,6.6315,6.5741,6.576,6.5869,6.5699,6.4935,6.3846,6.3043,6.2828,6.2719,6.224,6.1689,6.155,6.1495,6.0897,6.0513,6.0026,6.0001,5.9954,5.9335,5.8996,5.8606,5.8224,5.8222,5.8317,5.7964,5.7443,5.7665,5.7697,5.7057,5.6482,5.6242,5.6178,5.5799,5.577,5.5887,5.5437,5.5254,5.5326,5.5087,5.4638,5.4512,5.4642,5.4267,5.3983,5.3864,5.3761,5.3596,5.343,5.2991,5.2957,5.323,5.2513,5.1914,5.1911,5.1767,5.2133,5.1925,5.129,5.1646,5.159,5.1132,5.1027,5.1002,5.1382,5.1107,5.0519,5.0279,5.019,5.0304,5.0349,5.0158,5.0159,5.0392,5.0138,4.9435,4.92,4.9179,4.9091,4.9319,4.8918,4.8368,4.8086,4.8343,4.8763,4.8686,4.8262,4.8388,4.8561,4.8015,4.797,4.8015,4.7941,4.7697,4.7074,4.6668,4.7404,4.8123,4.753,4.7052,4.7414,4.7393,4.6629,4.6266,4.6713,4.7287,4.7112,4.6514,4.6808,4.6871,4.6232,4.6279,4.6143,4.5921,4.5928,4.6031,4.6299,4.5849,4.5737,4.5404,4.4862,4.4854,4.4625,4.4135,4.373,4.3593,4.3246,,,
2,7/15/19 9:16,Ok,10.2653,9.9146,9.4844,9.0357,8.6329,8.3162,8.0645,7.8614,7.7007,7.5557,7.4132,7.3115,7.2077,7.0633,6.9313,6.8372,6.7652,6.6749,6.5917,6.5123,6.4086,6.315,6.2475,6.2264,6.185,6.0966,6.0213,5.9712,5.9145,5.8437,5.7666,5.684,5.6203,5.5679,5.5012,5.4296,5.3585,5.2908,5.2354,5.1676,5.0973,5.05,5.0073,4.9699,4.9344,4.8751,4.814,4.7755,4.7366,4.7074,4.6818,4.6419,4.6077,4.5942,4.5598,4.5276,4.5117,4.4728,4.4346,4.4041,4.3811,4.3552,4.3242,4.2994,4.276,4.2494,4.2114,4.1755,4.1808,4.1775,4.1197,4.0946,4.0894,4.0525,4.073,4.1105,4.0798,4.0818,4.0734,4.0497,4.0522,4.0303,4.0002,3.969,3.9749,3.9327,3.8369,3.8216,3.86,3.904,3.9042,3.8562,3.7776,3.7264,3.7418,3.766,3.7499,3.7106,3.7197,3.7478,3.718,3.6923,3.6681,3.6881,3.7171,3.683,3.6453,3.6487,3.6284,3.6118,3.6592,3.6666,3.6409,3.6747,3.6808,3.6061,3.5626,3.5662,3.5811,3.5712,3.5785,3.5888,3.5776,3.587,3.5874,3.5916,3.5808,3.5564,3.5631,3.5553,3.5667,3.5804,3.5444,3.5492,3.5527,3.5165,3.5489,3.5708,3.4924,3.4305,3.4647,3.4831,3.5011,3.4936,3.4638,3.5281,3.5292,3.4781,3.4858,3.4838,3.5268,3.5124,3.4594,3.4423,3.4369,3.4617,3.4635,3.4766,3.4951,3.4961,3.4715,3.4356,3.4474,3.4321,3.409,3.41,3.3836,3.393,3.3848,3.3945,3.4191,3.4115,3.3855,3.3899,3.437,3.4104,3.369,3.3687,3.3959,3.376,3.3158,3.3025,3.3589,3.4181,3.3845,3.3425,3.3649,3.3776,3.3348,3.3051,3.3388,3.384,3.3128,3.2616,3.3697,3.4019,3.3166,3.3692,3.3897,3.3297,3.2842,3.239,3.2839,3.3181,3.3002,3.2825,3.3061,3.3007,3.2625,3.197,3.1128,3.0625,3.0606,,,
2,7/18/19 0:07,Ok,26.8522,25.4226,23.6521,21.7848,20.1786,19.0837,18.4009,17.9429,17.6328,17.4137,17.2593,17.2645,17.2727,17.1376,17.0295,16.9729,16.9322,16.8372,16.578,16.2663,15.9138,15.4549,14.8435,14.2203,13.8102,13.4726,13.1167,12.8664,12.6808,12.5077,12.3226,12.1178,11.9453,11.7915,11.6376,11.4571,11.2498,11.0568,10.8941,10.7224,10.5113,10.2966,10.1206,9.9788,9.8536,9.7159,9.5641,9.4381,9.3334,9.232,9.1337,9.032,8.9301,8.8512,8.7719,8.6933,8.6148,8.5293,8.4441,8.3583,8.291,8.2093,8.1134,8.042,7.9736,7.8828,7.7727,7.6715,7.6193,7.5606,7.4561,7.3839,7.3353,7.2536,7.2124,7.1885,7.1044,7.074,7.0279,6.9659,6.9111,6.8367,6.77,6.6771,6.6274,6.5476,6.398,6.321,6.3118,6.3116,6.2947,6.2064,6.0787,6.0091,5.9806,5.9605,5.9154,5.854,5.8254,5.813,5.7695,5.7018,5.649,5.661,5.6712,5.6134,5.5483,5.523,5.4834,5.4564,5.4854,5.4578,5.4166,5.4651,5.4818,5.3671,5.2628,5.2605,5.3007,5.2635,5.2281,5.2363,5.2165,5.1943,5.1823,5.1552,5.1317,5.1326,5.1206,5.0683,5.0626,5.0724,5.0521,5.0635,5.0305,4.9669,4.9799,4.99,4.9365,4.8742,4.8525,4.8536,4.8784,4.886,4.8473,4.8634,4.8607,4.827,4.8033,4.7795,4.8292,4.8341,4.7735,4.7139,4.7021,4.7436,4.7275,4.7083,4.698,4.7,4.6964,4.6929,4.6709,4.6236,4.6176,4.6007,4.5895,4.5947,4.5804,4.5694,4.5641,4.5504,4.5456,4.5416,4.5853,4.593,4.555,4.5183,4.4964,4.4771,4.4225,4.3917,4.4744,4.5425,4.4856,4.4534,4.4695,4.4487,4.4113,4.3919,4.3971,4.4406,4.4158,4.386,4.4421,4.4504,4.4016,4.4085,4.3773,4.3408,4.3533,4.3425,4.3442,4.3138,4.3125,4.3178,4.2694,4.2308,4.198,4.1671,4.1197,4.0781,4.0756,,,
2,7/22/19 0:07,Ok,29.2725,27.8943,26.3115,24.7151,23.3157,22.3247,21.6594,21.143,20.7283,20.3576,20.0232,19.8698,19.7523,19.4782,19.1818,18.9393,18.7508,18.5735,18.3159,18.0456,17.7512,17.3685,16.8896,16.4721,16.2146,15.9502,15.6538,15.4325,15.2532,15.0879,14.8942,14.6537,14.453,14.2854,14.1059,13.9084,13.6991,13.4933,13.3224,13.1616,12.9694,12.7732,12.6057,12.4612,12.3268,12.1722,12.0116,11.8607,11.7207,11.5999,11.49,11.3632,11.236,11.1337,11.0202,10.9251,10.8337,10.7115,10.5985,10.4905,10.3992,10.2972,10.1812,10.0816,9.9816,9.8803,9.7494,9.6054,9.527,9.4246,9.2707,9.1785,9.1085,8.9925,8.9038,8.8465,8.7347,8.6719,8.6029,8.5071,8.4251,8.3247,8.2212,8.1107,8.0348,7.9327,7.7566,7.6363,7.5964,7.5966,7.5627,7.4218,7.2781,7.209,7.1447,7.1041,7.0542,6.9409,6.8949,6.8929,6.8011,6.7155,6.676,6.6485,6.6112,6.5599,6.5182,6.4831,6.4076,6.358,6.3771,6.3352,6.2775,6.3211,6.3228,6.2086,6.1344,6.1209,6.1088,6.0561,6.0218,6.0183,5.9818,5.9436,5.9112,5.8842,5.8546,5.8305,5.8052,5.7573,5.7553,5.7428,5.7009,5.7263,5.6882,5.604,5.6266,5.6272,5.5446,5.4763,5.4562,5.4602,5.4628,5.4483,5.4024,5.401,5.4141,5.3692,5.3111,5.298,5.3455,5.3574,5.31,5.2385,5.196,5.2331,5.211,5.155,5.1824,5.2178,5.1916,5.1612,5.091,5.0522,5.0889,5.0821,5.0634,5.0227,4.993,5.026,5.0078,4.9748,4.9816,4.9704,5.0066,4.9998,4.9626,4.9232,4.8691,4.8659,4.8481,4.8361,4.8792,4.9032,4.8613,4.8279,4.8601,4.8492,4.8013,4.7837,4.7868,4.793,4.776,4.7526,4.7979,4.806,4.7623,4.7897,4.733,4.6744,4.7053,4.6987,4.7043,4.679,4.6866,4.7066,4.6406,4.5479,4.5108,4.5246,4.4937,4.4241,4.4118,,,
2,7/25/19 0:07,Ok,22.6403,22.0237,21.2843,20.5244,19.8309,19.2685,18.8554,18.5125,18.1909,17.864,17.5368,17.3424,17.222,16.9974,16.704,16.4391,16.2228,16.0541,15.8636,15.6671,15.4813,15.2247,14.9092,14.6539,14.5019,14.3499,14.1317,13.9274,13.7704,13.6313,13.4713,13.2645,13.0702,12.9071,12.7459,12.5889,12.4147,12.229,12.0857,11.9566,11.8131,11.6564,11.5037,11.3813,11.2575,11.1157,10.975,10.8399,10.7068,10.5935,10.487,10.3654,10.2505,10.1509,10.0499,9.952,9.8573,9.7529,9.6579,9.5599,9.4645,9.361,9.2547,9.1662,9.0759,8.9924,8.8971,8.7727,8.6819,8.5804,8.4444,8.3638,8.284,8.1787,8.1204,8.0534,7.9503,7.9136,7.8558,7.7631,7.7017,7.6048,7.5053,7.4204,7.3806,7.2854,7.1266,7.0322,6.9803,6.9771,6.9655,6.8454,6.7114,6.6601,6.6199,6.5711,6.5087,6.4467,6.4184,6.393,6.3298,6.2625,6.2096,6.1994,6.1878,6.1373,6.091,6.0616,6.021,5.9815,5.9749,5.9494,5.8875,5.9016,5.9226,5.8538,5.7719,5.7606,5.7853,5.7393,5.707,5.7019,5.6566,5.621,5.6149,5.5788,5.5273,5.5258,5.5171,5.4692,5.4512,5.4621,5.4512,5.4581,5.4164,5.3255,5.3655,5.401,5.3205,5.2494,5.24,5.2564,5.2731,5.2576,5.1923,5.1987,5.2157,5.1626,5.1233,5.1255,5.1768,5.1708,5.1123,5.0724,5.0699,5.0881,5.0462,5.0186,5.0192,5.0204,5.0046,5.0179,4.9832,4.9165,4.9329,4.916,4.9117,4.9222,4.9167,4.925,4.9126,4.8624,4.8437,4.8504,4.8698,4.8759,4.8638,4.8408,4.8227,4.805,4.7606,4.7368,4.7875,4.8286,4.7919,4.7654,4.7817,4.736,4.6834,4.6903,4.7052,4.7543,4.7276,4.6809,4.701,4.6875,4.6788,4.7395,4.6788,4.6115,4.6741,4.6605,4.6497,4.611,4.596,4.6306,4.607,4.5417,4.5012,4.4672,4.4025,4.3588,4.3705,,,
2,7/29/19 0:07,Ok,19.2755,18.7828,18.2214,17.6582,17.1501,16.7626,16.4545,16.175,15.9212,15.6685,15.4348,15.2628,15.0886,14.8612,14.6188,14.3999,14.2229,14.0386,13.8639,13.6929,13.5071,13.3179,13.1134,12.9676,12.8336,12.6736,12.5042,12.3452,12.2036,12.065,11.9174,11.7505,11.6114,11.4734,11.3162,11.1847,11.0452,10.9044,10.7949,10.6625,10.5268,10.3965,10.2858,10.183,10.069,9.941,9.8186,9.7086,9.6152,9.5216,9.4309,9.3396,9.2324,9.1463,9.0566,8.9752,8.8996,8.8059,8.7353,8.6544,8.5548,8.4747,8.3952,8.3142,8.2387,8.1541,8.043,7.928,7.8776,7.8032,7.6729,7.6016,7.5555,7.4808,7.4223,7.38,7.3007,7.2714,7.2106,7.1387,7.0924,7.0037,6.9243,6.8488,6.7911,6.6984,6.5834,6.5151,6.4797,6.4833,6.4579,6.3746,6.2726,6.1626,6.1059,6.1095,6.0755,5.9898,5.961,5.9602,5.8977,5.8474,5.8295,5.7964,5.7681,5.735,5.7015,5.6747,5.618,5.6059,5.6348,5.6165,5.5654,5.5877,5.5965,5.5175,5.4344,5.4161,5.4313,5.3603,5.3372,5.3967,5.3556,5.2916,5.2973,5.3137,5.2679,5.2288,5.2208,5.2118,5.2142,5.1865,5.1808,5.1682,5.1159,5.0707,5.0945,5.1279,5.0303,4.9378,4.9611,4.9786,4.9969,4.9763,4.9265,4.9505,4.9681,4.923,4.8842,4.894,4.9374,4.9106,4.8594,4.8288,4.8134,4.8377,4.8222,4.8093,4.8213,4.85,4.8346,4.7831,4.7465,4.7128,4.7174,4.7305,4.706,4.6689,4.6251,4.6624,4.7107,4.6882,4.6578,4.6435,4.6864,4.6773,4.6354,4.6306,4.6443,4.6181,4.5305,4.5109,4.5987,4.6329,4.5888,4.5948,4.5919,4.5655,4.5178,4.4916,4.5303,4.5658,4.525,4.4939,4.572,4.5977,4.5206,4.5007,4.4711,4.4655,4.5061,4.4893,4.4804,4.4535,4.4593,4.415,4.3644,4.3651,4.3695,4.3524,4.2606,4.2042,4.1945,,,
2,8/5/19 10:23,Ok,19.9954,19.3467,18.5951,17.8848,17.2613,16.7996,16.4642,16.1879,15.9476,15.7107,15.5179,15.387,15.2539,15.0823,14.8899,14.7117,14.5355,14.3703,14.2088,14.0242,13.8342,13.624,13.3928,13.1776,12.9886,12.82,12.6351,12.4596,12.3066,12.1709,12.0323,11.8758,11.7358,11.5959,11.4496,11.316,11.1784,11.0485,10.9361,10.8076,10.6769,10.5451,10.4265,10.3257,10.2101,10.0835,9.9756,9.866,9.7578,9.666,9.5729,9.4752,9.3697,9.2872,9.2044,9.1108,9.0315,8.9377,8.8466,8.7752,8.681,8.5946,8.5292,8.4622,8.382,8.2955,8.1807,8.0527,7.9991,7.9248,7.803,7.7257,7.663,7.5812,7.5171,7.4711,7.4016,7.349,7.2897,7.216,7.1458,7.0561,6.9677,6.8939,6.8468,6.7457,6.6163,6.5722,6.5389,6.5165,6.4538,6.354,6.2664,6.1798,6.1376,6.1292,6.0724,5.9788,5.961,5.9624,5.893,5.8272,5.7951,5.77,5.7418,5.69,5.6637,5.6401,5.5909,5.5639,5.5594,5.5439,5.4971,5.528,5.5382,5.4439,5.3822,5.3647,5.3738,5.3088,5.2648,5.3019,5.2738,5.2315,5.2155,5.1941,5.1707,5.1539,5.1214,5.0836,5.0908,5.0942,5.0636,5.047,5.0229,4.9776,4.9844,5.0106,4.9455,4.85,4.8353,4.8494,4.8767,4.8553,4.8012,4.8112,4.8095,4.7812,4.754,4.7377,4.7649,4.7961,4.7442,4.6656,4.6632,4.7043,4.686,4.6264,4.6133,4.6689,4.6754,4.6619,4.6097,4.5247,4.5178,4.5623,4.5599,4.5114,4.5031,4.5252,4.5223,4.5006,4.4747,4.4535,4.5001,4.493,4.4795,4.4724,4.4555,4.4204,4.3536,4.3566,4.4133,4.4524,4.4203,4.4118,4.4132,4.3788,4.3301,4.3012,4.3302,4.3784,4.3856,4.3374,4.3616,4.3768,4.294,4.3151,4.3038,4.2538,4.2893,4.2974,4.2869,4.2482,4.2642,4.26,4.2169,4.1793,4.1827,4.1596,4.0623,3.9999,3.9954,,,
2,8/8/19 14:16,Ok,18.3186,17.9613,17.4945,16.9962,16.519,16.1298,15.819,15.5533,15.3223,15.0801,14.8509,14.6837,14.5482,14.3681,14.1354,13.9165,13.7131,13.5409,13.3971,13.2387,13.0858,12.915,12.7223,12.5754,12.4534,12.3311,12.1883,12.0281,11.8964,11.7824,11.6555,11.4989,11.345,11.2163,11.0896,10.9622,10.8327,10.7078,10.5992,10.4869,10.3758,10.2592,10.1541,10.0643,9.956,9.8336,9.7233,9.6147,9.5099,9.4196,9.3303,9.2357,9.1373,9.056,8.9682,8.8923,8.8219,8.7278,8.6409,8.5611,8.4754,8.3881,8.3035,8.2341,8.1643,8.0878,7.9891,7.8765,7.8159,7.7229,7.5985,7.5203,7.4533,7.3848,7.3377,7.283,7.2039,7.1598,7.1064,7.0393,6.9673,6.8752,6.7943,6.7123,6.683,6.6065,6.4718,6.4074,6.3644,6.3563,6.3244,6.2003,6.1031,6.0569,6.0029,5.9808,5.9524,5.864,5.8275,5.8436,5.7666,5.6964,5.6707,5.6565,5.6236,5.5702,5.5552,5.5319,5.4676,5.4574,5.4675,5.4299,5.3855,5.4281,5.4133,5.3214,5.2868,5.2633,5.2661,5.2339,5.2055,5.2026,5.1659,5.1409,5.1218,5.0991,5.0703,5.0393,5.0212,5.0037,5.0018,4.9896,4.9531,4.965,4.9641,4.9,4.8931,4.9064,4.8691,4.8142,4.7684,4.7588,4.7971,4.7886,4.7419,4.7605,4.7399,4.6899,4.6748,4.6735,4.7075,4.724,4.6689,4.6009,4.5999,4.6438,4.6333,4.5704,4.5706,4.6232,4.6161,4.57,4.5202,4.4809,4.4888,4.4998,4.4854,4.469,4.4458,4.4683,4.4898,4.4628,4.4304,4.4108,4.4407,4.427,4.4326,4.4406,4.4129,4.3957,4.3454,4.299,4.3498,4.4114,4.3736,4.3493,4.3568,4.3503,4.313,4.2731,4.2753,4.2992,4.2922,4.2724,4.3208,4.3316,4.2654,4.2681,4.2518,4.2269,4.2187,4.2133,4.2527,4.2116,4.1996,4.2156,4.1826,4.1567,4.1062,4.0608,4.0149,3.9725,3.9671,,,
2,8/12/19 0:07,Ok,18.9093,18.5175,18.0603,17.6018,17.1697,16.8235,16.5414,16.281,16.0412,15.8103,15.5983,15.4229,15.2371,15.0141,14.7789,14.5614,14.3702,14.1702,13.9923,13.8082,13.6171,13.4318,13.2366,13.1003,12.9605,12.7907,12.6227,12.4563,12.3001,12.1478,11.9942,11.8222,11.6685,11.5284,11.3687,11.2262,11.0868,10.9467,10.8267,10.6953,10.5574,10.4272,10.3113,10.204,10.0807,9.9512,9.8286,9.7151,9.6044,9.5105,9.4197,9.3163,9.2229,9.1281,9.0241,8.952,8.8771,8.7715,8.6858,8.6036,8.5063,8.4198,8.3443,8.2583,8.1687,8.0779,7.9685,7.8587,7.7976,7.7127,7.5879,7.5084,7.4533,7.3837,7.3213,7.2705,7.1909,7.1505,7.0925,7.0152,6.9568,6.8669,6.785,6.7057,6.6612,6.5752,6.4482,6.3876,6.3494,6.3269,6.3105,6.2183,6.0881,6.0062,5.9651,5.9496,5.9121,5.8279,5.8069,5.8121,5.7323,5.6723,5.6383,5.6304,5.6164,5.5511,5.5203,5.5112,5.4502,5.4213,5.4497,5.4379,5.3821,5.4145,5.4396,5.3492,5.2427,5.2302,5.2717,5.201,5.1428,5.1902,5.1756,5.1312,5.1149,5.11,5.093,5.0529,5.0327,5.0186,5.0156,4.9945,4.9764,4.9696,4.9501,4.8808,4.8736,4.9193,4.8588,4.7696,4.7557,4.7665,4.8026,4.8007,4.7296,4.7374,4.7516,4.7099,4.7013,4.7091,4.7363,4.7293,4.6602,4.597,4.6029,4.6609,4.6484,4.6042,4.5941,4.6346,4.6375,4.6044,4.5494,4.4882,4.5095,4.5366,4.5058,4.4887,4.4614,4.4818,4.515,4.5009,4.4712,4.4378,4.4556,4.4626,4.464,4.4559,4.4631,4.4077,4.324,4.3288,4.4159,4.444,4.3899,4.3902,4.3997,4.3781,4.3214,4.2766,4.316,4.3773,4.3513,4.3021,4.3706,4.3937,4.2927,4.2943,4.2942,4.2715,4.3041,4.3073,4.3016,4.2417,4.2564,4.2568,4.1855,4.1516,4.15,4.1378,4.0445,4.0226,4.0443,,,
2,8/14/19 11:11,Ok,22.0622,21.4662,20.7721,20.0694,19.4178,18.8799,18.4751,18.1301,17.8161,17.5464,17.2802,17.0455,16.8558,16.6281,16.3476,16.0908,15.8597,15.6457,15.4524,15.2537,15.0598,14.8445,14.6187,14.4404,14.279,14.1178,13.9392,13.7616,13.6004,13.4532,13.3056,13.1221,12.957,12.8137,12.6699,12.5211,12.367,12.2256,12.0962,11.9673,11.8247,11.6862,11.5734,11.4579,11.3268,11.1946,11.0663,10.9394,10.815,10.7023,10.5957,10.4838,10.3829,10.2858,10.1841,10.0939,10.0089,9.9031,9.7967,9.7019,9.6065,9.5121,9.4121,9.3177,9.2157,9.1213,9.0089,8.8974,8.8159,8.7101,8.5785,8.4784,8.3926,8.2997,8.2477,8.182,8.0771,8.0248,7.9432,7.8583,7.8033,7.6963,7.6008,7.5123,7.4438,7.3579,7.2197,7.1098,7.0678,7.0637,7.0198,6.9142,6.794,6.7087,6.6396,6.6049,6.5632,6.4806,6.4373,6.4202,6.3452,6.2816,6.2378,6.211,6.1972,6.1434,6.077,6.0484,6.0174,5.9797,5.9648,5.9444,5.9175,5.9486,5.9401,5.841,5.7678,5.7407,5.7333,5.6984,5.671,5.6687,5.6154,5.5793,5.5879,5.5556,5.494,5.4863,5.4879,5.4408,5.4252,5.4264,5.4068,5.3947,5.3422,5.2861,5.319,5.3178,5.2288,5.1619,5.1494,5.1444,5.174,5.1621,5.1022,5.1296,5.1224,5.0642,5.0413,5.034,5.0738,5.0736,5.0121,4.9642,4.9513,4.9672,4.9392,4.9052,4.928,4.9396,4.91,4.9168,4.8646,4.8209,4.8384,4.807,4.7928,4.7946,4.7547,4.7657,4.7996,4.7588,4.7276,4.719,4.7427,4.7455,4.7533,4.7231,4.69,4.6789,4.6216,4.5843,4.6347,4.6926,4.6794,4.6432,4.6348,4.6332,4.6092,4.5883,4.5633,4.5735,4.569,4.5784,4.6379,4.6192,4.5428,4.5386,4.5147,4.5083,4.5461,4.5116,4.5143,4.4671,4.4625,4.5024,4.4354,4.3945,4.3754,4.3304,4.2705,4.2347,4.2298,,,
2,8/19/19 0:07,Ok,21.6942,21.0533,20.403,19.8137,19.2989,18.9026,18.5915,18.3158,18.0766,17.8619,17.665,17.4734,17.2815,17.0697,16.8304,16.6101,16.3983,16.1906,16.0094,15.8192,15.6324,15.4357,15.2319,15.0676,14.8961,14.7317,14.5548,14.3595,14.175,13.9972,13.8372,13.658,13.4751,13.3139,13.1649,13.0116,12.8504,12.7073,12.576,12.4359,12.3065,12.1815,12.0754,11.9681,11.8328,11.7026,11.5659,11.4371,11.3247,11.2199,11.1125,10.9985,10.9017,10.8044,10.6917,10.6023,10.5162,10.4047,10.2912,10.2025,10.0877,9.9763,9.89,9.7828,9.6634,9.5496,9.4457,9.3452,9.2707,9.1586,9.0048,8.9012,8.8147,8.7174,8.6355,8.5555,8.4516,8.3719,8.2994,8.2166,8.1266,8.0084,7.9077,7.8142,7.7293,7.6135,7.4801,7.388,7.326,7.2992,7.2484,7.1442,7.0072,6.905,6.8539,6.8017,6.7539,6.6702,6.5906,6.5778,6.518,6.4397,6.3707,6.3575,6.3286,6.246,6.2174,6.2009,6.1136,6.0821,6.1002,6.0739,6.0382,6.0555,6.0378,5.9256,5.8487,5.8318,5.8191,5.7697,5.7303,5.7379,5.7177,5.6781,5.6514,5.6217,5.5947,5.5504,5.5132,5.4914,5.4814,5.4627,5.4383,5.4087,5.3681,5.3282,5.3284,5.2982,5.2397,5.1842,5.1563,5.1689,5.1862,5.1715,5.1034,5.0901,5.0904,5.0764,5.0562,5.0384,5.0647,5.0481,4.9748,4.9385,4.9357,4.9473,4.9388,4.8944,4.8988,4.9515,4.9284,4.8851,4.8339,4.7836,4.7858,4.7997,4.78,4.7424,4.7123,4.7426,4.752,4.7165,4.7016,4.7035,4.748,4.7262,4.6757,4.6713,4.6908,4.66,4.5751,4.5596,4.6372,4.6589,4.6352,4.6218,4.5808,4.5819,4.5497,4.4832,4.5212,4.5924,4.5719,4.5107,4.566,4.5899,4.514,4.5031,4.4653,4.4616,4.5006,4.4759,4.4418,4.4044,4.4199,4.4361,4.3951,4.3531,4.3121,4.3011,4.2708,4.1985,4.141,,,
2,8/22/19 0:07,Ok,24.1076,23.3868,22.6752,22.0437,21.5054,21.0939,20.7831,20.504,20.2432,20.0172,19.8158,19.6044,19.4035,19.2084,18.9684,18.7302,18.4976,18.2717,18.0929,17.9024,17.7137,17.5132,17.3042,17.1198,16.9279,16.7705,16.6002,16.3973,16.205,16.0266,15.8595,15.6753,15.4931,15.3277,15.1612,15.0039,14.8488,14.7024,14.5661,14.4213,14.2853,14.1384,14.0183,13.8898,13.7425,13.6044,13.4649,13.3351,13.1996,13.0743,12.9538,12.8303,12.7215,12.589,12.4771,12.3742,12.2644,12.1517,12.0248,11.9133,11.8054,11.6886,11.5583,11.4435,11.3244,11.1993,11.0774,10.9433,10.8176,10.687,10.519,10.3821,10.2757,10.1516,10.0467,9.9448,9.8084,9.7182,9.5976,9.4669,9.3768,9.2453,9.108,8.9722,8.8534,8.731,8.5874,8.4647,8.3807,8.3277,8.2516,8.1153,7.9691,7.8533,7.7665,7.7146,7.6321,7.5261,7.46,7.4087,7.3143,7.2187,7.1517,7.1138,7.0754,7.0003,6.9366,6.9048,6.822,6.7646,6.7718,6.7242,6.6647,6.6988,6.6765,6.5553,6.4702,6.4459,6.4331,6.364,6.3217,6.3271,6.2639,6.2088,6.1982,6.1475,6.1029,6.0659,6.0249,5.9895,5.9638,5.9403,5.9181,5.8967,5.8402,5.7657,5.7634,5.7605,5.6949,5.6155,5.5618,5.552,5.5699,5.5558,5.511,5.5135,5.4945,5.4521,5.3989,5.3795,5.4269,5.4153,5.3442,5.2829,5.2618,5.2834,5.2514,5.2235,5.2353,5.2362,5.2122,5.1945,5.1512,5.1013,5.1061,5.092,5.0684,5.0469,5.0256,5.0337,5.031,5.0178,5.0165,4.9947,5.0093,5.009,4.9731,4.9333,4.914,4.9133,4.8608,4.8314,4.8902,4.8973,4.8519,4.867,4.8785,4.8357,4.7952,4.7881,4.7727,4.7912,4.8092,4.7895,4.8256,4.822,4.7314,4.7325,4.7089,4.6805,4.7209,4.7076,4.7226,4.6766,4.6188,4.6123,4.5951,4.5571,4.5215,4.5081,4.4637,4.3939,4.3656,,,