"TOA5","TEST","CR6","15331","CR6.Std.10.02 CR6-WIFI.05","CPU:FCR_CO2_20211008_forCR6.CR6","34068","FCR_CO2"
"TIMESTAMP","RECORD","batt_volt_Min","PTemp","CO2_1_Avg","CO2_2_Avg"
"TS","RN","Volts","degC","ppm","ppm"
"","","Min","Smp","Avg","Avg"
"2021-10-08 20:40:00",0,14.86,24.44,58.20309,74.50689
"2021-10-08 20:41:00",1,0,24.43,109.8787,69.15852
"2021-10-11 09:42:00",2,14.86,20.85,10059.38,480.8186
"2021-10-11 09:43:00",3,14.86,20.95,10059.33,550.9782
"2021-10-11 09:44:00",4,14.86,21.11,10060.53,573.7475
"2021-10-11 09:48:00",0,14.88,21.82,10057.98,382.8792
"2021-10-11 09:49:00",1,14.86,21.97,10059.16,385.8238
"2021-10-11 09:50:00",2,14.85,22.11,10058.38,348.4568
"2021-10-11 09:51:00",3,14.88,22.25,10058.87,307.3426
"2021-10-11 09:52:00",4,14.87,22.37,10058.9,326.4972
"2021-10-11 09:53:00",5,14.86,22.46,10057.42,394.5813
"2021-10-11 09:54:00",6,14.87,22.55,10059.83,317.6607
"2021-10-11 09:55:00",7,14.86,22.61,10058.44,305.1893
"2021-10-11 09:56:00",8,14.85,22.64,10057.85,307.3454
"2021-10-11 09:57:00",9,14.86,22.76,10060.02,298.9502
"2021-10-11 09:58:00",10,14.86,22.84,10058.86,337.5572
"2021-10-11 09:59:00",11,14.85,22.91,10058.99,374.2552
"2021-10-11 10:00:00",12,14.86,22.97,10060.08,263.5789
"2021-10-11 10:01:00",13,14.87,23.03,10058.75,328.7451
"2021-10-11 10:02:00",14,14.87,23.09,10058.77,321.1371
"2021-10-11 10:03:00",15,14.87,23.15,10059.16,280.0213
"2021-10-11 10:04:00",16,14.87,23.21,10058.46,304.4646
"2021-10-11 10:05:00",17,14.87,23.27,10058.25,342.2835
"2021-10-11 10:06:00",18,14.87,23.33,10058.38,247.2288
"2021-10-11 10:07:00",19,14.87,23.38,10059.16,267.097
"2021-10-11 10:08:00",20,14.87,23.44,10058.33,308.5641
"2021-10-11 10:09:00",21,14.87,23.5,10057.47,271.9122
"2021-10-11 10:10:00",22,14.87,23.55,10059.17,317.0855
"2021-10-11 10:11:00",23,14.88,23.61,10058.38,305.2542
"2021-10-11 10:12:00",24,14.87,23.66,10058.44,278.6184
"2021-10-11 10:13:00",25,14.88,23.72,10059.96,285.9423
"2021-10-11 10:14:00",26,14.87,23.77,10058.82,335.8988
"2021-10-11 10:15:00",27,14.86,23.82,10058.17,317.6352
"2021-10-11 10:16:00",28,14.87,23.87,10059.81,279.2053
"2021-10-11 10:17:00",29,14.87,23.92,10059.16,295.9114
"2021-10-11 10:18:00",30,14.87,23.97,10058.29,299.7881
"2021-10-11 10:19:00",31,14.85,24.01,10059.06,248.4918
"2021-10-11 10:20:00",32,14.86,24.06,10058.22,337.7558
"2021-10-11 10:21:00",33,14.88,24.1,10058.42,280.5956
"2021-10-11 10:22:00",34,14.87,24.15,10058.23,276.6598
"2021-10-11 10:23:00",35,14.88,24.19,10058.4,256.0671
"2021-10-11 10:24:00",36,14.87,24.24,10058.32,265.3295
"2021-10-11 10:25:00",37,14.88,24.28,10057.17,292.5407
"2021-10-11 10:26:00",38,14.87,24.32,10059.37,283.538
"2021-10-11 10:27:00",39,14.87,24.37,10058.16,256.9829
"2021-10-11 10:28:00",40,14.87,24.41,10057.53,301.0174
"2021-10-11 10:29:00",41,14.87,24.45,10060.37,246.1123
"2021-10-11 10:30:00",42,14.87,24.49,10058.7,332.1333
"2021-10-11 10:31:00",43,14.87,24.52,10058.39,288.1757
"2021-10-11 10:32:00",44,14.87,24.56,10059.6,280.8487
"2021-10-11 10:33:00",45,14.87,24.6,10058.37,293.9632
"2021-10-11 10:34:00",46,14.87,24.63,10059,265.7337
"2021-10-11 10:35:00",47,14.87,24.67,10058.66,297.4441
"2021-10-11 10:36:00",48,14.88,24.7,10057.74,225.5424
"2021-10-11 10:37:00",49,14.88,24.73,10057.85,258.7688
"2021-10-11 10:38:00",50,14.88,24.77,10057.76,257.5916
"2021-10-11 10:39:00",51,14.87,24.8,10058.77,304.4193
"2021-10-11 10:40:00",52,14.86,24.83,10057.95,264.2085
"2021-10-11 10:41:00",53,14.86,24.87,10056.92,264.5137
"2021-10-11 10:42:00",54,14.86,24.9,10059.13,257.5446
"2021-10-11 10:43:00",55,14.86,24.94,10057.95,231.0991
"2021-10-11 10:44:00",56,14.86,24.98,10058.31,264.5861
"2021-10-11 10:45:00",57,14.88,25.01,10059.68,224.3631
"2021-10-11 10:46:00",58,14.87,25.05,10058.65,219.895
"2021-10-11 10:47:00",59,14.86,25.09,10058.4,255.2368
"2021-10-11 10:48:00",60,14.87,25.12,10059.54,191.9027
"2021-10-11 10:49:00",61,14.88,25.16,10058.69,318.0046
"2021-10-11 10:50:00",62,14.86,25.2,10058.4,281.5016
"2021-10-11 10:51:00",63,14.87,25.23,10058.64,266.8622
"2021-10-11 10:52:00",64,14.87,25.27,10058.46,298.7598
"2021-10-11 10:53:00",65,14.85,25.3,10058.02,265.5829
"2021-10-11 10:54:00",66,14.87,25.33,10057.61,275.6498
"2021-10-11 10:55:00",67,14.86,25.37,10058.35,266.9173
"2021-10-11 10:56:00",68,14.86,25.4,10058.31,286.7626
"2021-10-11 10:57:00",69,14.87,25.43,10057.34,283.8065
"2021-10-11 10:58:00",70,14.88,25.46,10059.14,275.8817
"2021-10-11 10:59:00",71,14.87,25.49,10057.5,232.7489
"2021-10-11 11:00:00",72,14.88,25.52,10057.14,324.7565
"2021-10-11 11:01:00",73,14.88,25.55,10060.42,270.5222
"2021-10-11 11:02:00",74,14.87,25.58,10058.57,279.315
"2021-10-11 11:03:00",75,14.88,25.6,10058.05,234.92
"2021-10-11 11:04:00",76,14.87,25.63,10059.54,254.8633
"2021-10-11 11:05:00",77,14.88,25.66,10058.12,234.7161
"2021-10-11 11:06:00",78,14.87,25.68,10058.52,235.8254
"2021-10-11 11:07:00",79,14.87,25.71,10058.35,260.005
"2021-10-11 11:08:00",80,14.87,25.74,10057.62,284.2724
"2021-10-11 11:09:00",81,14.87,25.76,10057.65,292.1764
"2021-10-11 11:10:00",82,14.87,25.78,10057.28,272.9812
"2021-10-11 11:11:00",83,14.88,25.81,10058.82,291.9757
"2021-10-11 11:12:00",84,14.87,25.83,10057.83,256.1845
"2021-10-11 11:13:00",85,14.87,25.85,10057.13,259.0109
"2021-10-11 11:14:00",86,14.88,25.88,10059.63,304.296
"2021-10-11 11:15:00",87,14.87,25.9,10057.5,331.8079
"2021-10-11 11:16:00",88,14.87,25.92,10057.63,273.9259
"2021-10-11 11:17:00",89,14.87,25.94,10058.98,281.4437
"2021-10-11 11:18:00",90,14.86,25.96,10058.2,275.818
"2021-10-11 11:19:00",91,14.87,25.99,10058.37,273.6225
"2021-10-11 11:20:00",92,14.87,26.01,10058.91,262.7741
"2021-10-11 11:21:00",93,14.87,26.03,10058.08,280.0921
"2021-10-11 11:22:00",94,14.87,26.06,10058.17,264.5936
"2021-10-11 11:23:00",95,14.87,26.08,10058.34,233.6597
"2021-10-11 11:24:00",96,14.88,26.1,10058.33,243.1984
"2021-10-11 11:25:00",97,14.87,26.13,10057.55,239.157
"2021-10-11 11:26:00",98,14.87,26.16,10057.3,242.2353
"2021-10-11 11:27:00",99,14.87,26.19,10058.6,273.4623
"2021-10-11 11:28:00",100,14.87,26.21,10057.84,284.451
"2021-10-11 11:29:00",101,14.88,26.24,10057.34,212.3851
"2021-10-11 11:30:00",102,14.85,26.27,10059.08,253.6597
"2021-10-11 11:31:00",103,14.87,26.3,10057.93,289.5198
"2021-10-11 11:32:00",104,14.87,26.32,10057.64,271.0939
"2021-10-11 11:33:00",105,14.88,26.34,10059.39,267.4601
"2021-10-11 11:34:00",106,14.88,26.36,10058.44,281.0872
"2021-10-11 11:35:00",107,14.87,26.38,10058.08,237.2253
"2021-10-11 11:36:00",108,14.87,26.4,10059.3,232.5078
"2021-10-11 11:37:00",109,14.87,26.41,10058.67,266.9003
"2021-10-11 11:38:00",110,14.87,26.43,10058.05,229.4658
"2021-10-11 11:39:00",111,14.87,26.44,10058.08,211.1695
"2021-10-11 11:40:00",112,14.86,26.46,10057.9,265.2811
"2021-10-11 11:41:00",113,14.87,26.48,10058.5,230.4324
"2021-10-11 11:42:00",114,14.87,26.49,10057.46,283.7663
"2021-10-11 11:43:00",115,14.87,26.51,10058.86,232.7207
"2021-10-11 11:44:00",116,14.87,26.53,10057.78,296.6334
"2021-10-11 11:45:00",117,14.87,26.54,10057.03,273.693
"2021-10-11 11:46:00",118,14.87,26.56,10059.54,287.8127
"2021-10-11 11:47:00",119,14.86,26.57,10057.62,245.6843
"2021-10-11 11:48:00",120,14.87,26.58,10057.44,275.8634
"2021-10-11 11:49:00",121,14.87,26.59,10059.39,251.4173
"2021-10-11 11:50:00",122,14.87,26.6,10058.34,255.1939
"2021-10-11 11:51:00",123,14.88,26.6,10058.2,269.4943
"2021-10-11 11:52:00",124,14.87,26.61,10058.99,223.6058
"2021-10-11 11:53:00",125,14.88,26.61,10058.47,232.5572
"2021-10-11 11:54:00",126,14.88,26.61,10058.58,287.7606
"2021-10-11 11:55:00",127,14.87,26.62,10057.89,255.769
"2021-10-11 11:56:00",128,14.87,26.61,10058.34,214.1635
"2021-10-11 11:57:00",129,14.87,26.61,10057.44,286.7317
"2021-10-11 11:58:00",130,14.87,26.62,10057.15,289.2926
"2021-10-11 11:59:00",131,14.88,26.62,10058.73,275.3723
"2021-10-11 12:00:00",132,14.88,26.62,10057.53,247.6632
"2021-10-11 12:01:00",133,14.87,26.62,10056.75,261.2219
"2021-10-11 12:02:00",134,14.87,26.63,10058.81,249.9896
"2021-10-11 12:03:00",135,14.87,26.64,10057.81,244.146
"2021-10-11 12:04:00",136,14.86,26.65,10058.05,209.4289
"2021-10-11 12:05:00",137,14.88,26.65,10059.28,210.727
"2021-10-11 12:06:00",138,14.88,26.67,10057.91,222.1056
"2021-10-11 12:07:00",139,14.88,26.68,10058.02,248.6749
"2021-10-11 12:08:00",140,14.88,26.69,10058.96,235.7324
"2021-10-11 12:09:00",141,14.88,26.71,10058.57,274.5728
"2021-10-11 12:10:00",142,14.86,26.72,10058.14,245.9394
"2021-10-11 12:11:00",143,14.87,26.74,10057.83,256.9745
"2021-10-11 12:12:00",144,14.88,26.75,10058.32,258.1251
"2021-10-11 12:13:00",145,14.88,26.77,10057.92,257.2432
"2021-10-11 12:14:00",146,14.87,26.78,10056.98,255.1346
"2021-10-11 12:15:00",147,14.87,26.8,10058.63,275.8539
"2021-10-11 12:16:00",148,14.87,26.81,10057.82,267.1423
"2021-10-11 12:17:00",149,14.86,26.82,10056.87,221.6738
"2021-10-11 12:18:00",150,14.88,26.83,10059.41,278.4015
"2021-10-11 12:19:00",151,14.88,26.85,10057.02,270.4814
"2021-10-11 12:20:00",152,14.87,26.86,10057.41,247.4551
"2021-10-11 12:21:00",153,14.87,26.88,10059.43,259.6755
"2021-10-11 12:22:00",154,14.87,26.9,10058.52,261.3037
"2021-10-11 12:23:00",155,14.88,26.92,10058.07,250.5144
"2021-10-11 12:24:00",156,14.88,26.94,10058.63,292.1432
"2021-10-11 12:25:00",157,14.87,26.96,10058.04,256.2418
"2021-10-11 12:26:00",158,14.88,26.98,10058.41,255.3637
"2021-10-11 12:27:00",159,14.88,27,10057.72,292.6573
"2021-10-11 12:28:00",160,14.88,27.01,10057.86,269.192
"2021-10-11 12:29:00",161,14.87,27.03,10057.4,234.7681
"2021-10-11 12:30:00",162,14.88,27.04,10056.62,264.1017
"2021-10-11 12:31:00",163,14.87,27.06,10058.73,230.8384
"2021-10-11 12:32:00",164,14.87,27.07,10057.5,250.3689
"2021-10-11 12:33:00",165,14.87,27.09,10056.3,255.8802
"2021-10-11 12:34:00",166,14.88,27.11,10059.37,237.2463
"2021-10-11 12:35:00",167,14.88,27.13,10057.33,240.2288
"2021-10-11 12:36:00",168,14.88,27.14,10057.49,238.1085
"2021-10-11 12:37:00",169,14.87,27.16,10058.91,247.6586
"2021-10-11 12:38:00",170,14.87,27.18,10057.82,222.9069
"2021-10-11 12:39:00",171,14.86,27.19,10058.93,219.8834
"2021-10-11 12:40:00",172,14.88,27.22,10058.64,243.6992
"2021-10-11 12:41:00",173,14.87,27.23,10058.33,203.665
"2021-10-11 12:42:00",174,14.88,27.25,10058.32,253.9689
"2021-10-11 12:43:00",175,14.87,27.27,10057.18,289.9083
"2021-10-11 12:44:00",176,14.87,27.29,10058.61,209.3409
"2021-10-11 12:45:00",177,14.87,27.3,10057.84,231.599
"2021-10-11 12:46:00",178,14.87,27.32,10056.7,248.9537
"2021-10-11 12:47:00",179,14.86,27.33,10058.95,292.7122
"2021-10-11 12:48:00",180,14.85,27.36,10057.59,253.8702
"2021-10-11 12:49:00",181,14.87,27.38,10057.09,253.2181
"2021-10-11 12:50:00",182,14.88,27.39,10059.4,196.5858
"2021-10-11 12:51:00",183,14.88,27.41,10057.37,246.2908
"2021-10-11 12:52:00",184,14.87,27.43,10057.71,197.7345
"2021-10-11 12:53:00",185,14.87,27.45,10058.98,232.5551
"2021-10-11 12:54:00",186,14.88,27.47,10058.41,270.4054
"2021-10-11 12:55:00",187,14.87,27.49,10058.28,272.9049
"2021-10-11 12:56:00",188,14.88,27.52,10058.39,259.1509
"2021-10-11 12:57:00",189,14.87,27.54,10058.87,280.4125
"2021-10-11 12:58:00",190,14.87,27.57,10058.2,246.9798
"2021-10-11 12:59:00",191,14.87,27.6,10057.27,218.1976
"2021-10-11 13:00:00",192,14.88,27.62,10058.53,238.2909
"2021-10-11 13:01:00",193,14.87,27.65,10057.85,238.4946
"2021-10-11 13:02:00",194,14.87,27.68,10057.09,244.3517
"2021-10-11 13:03:00",195,14.88,27.71,10058.76,250.3284
"2021-10-11 13:04:00",196,14.88,27.73,10057.56,253.2234
"2021-10-11 13:05:00",197,14.86,27.76,10056.43,264.3238
"2021-10-11 13:06:00",198,14.87,27.78,10059.47,281.5587
"2021-10-11 13:07:00",199,14.88,27.81,10057.28,210.8833
"2021-10-11 13:08:00",200,14.87,27.83,10057.2,282.2616
"2021-10-11 13:09:00",201,14.88,27.85,10059.03,208.1085
"2021-10-11 13:10:00",202,14.88,27.87,10057.85,213.6531
"2021-10-11 13:11:00",203,14.88,27.89,10058.3,239.4601
"2021-10-11 13:12:00",204,14.87,27.91,10058.47,239.5691
"2021-10-11 13:13:00",205,14.87,27.93,10058.26,238.5599
"2021-10-11 13:14:00",206,14.88,27.94,10058.68,208.0569
"2021-10-11 13:15:00",207,14.87,27.96,10057.31,222.8551
"2021-10-11 13:16:00",208,14.87,27.98,10058.26,222.1492
"2021-10-11 13:17:00",209,14.86,27.99,10057.47,244.5918
"2021-10-11 13:18:00",210,14.86,28,10056.54,233.2186
"2021-10-11 13:19:00",211,14.88,28.02,10059.42,287.5327
"2021-10-11 13:20:00",212,14.87,28.03,10057.17,245.4117
"2021-10-11 13:21:00",213,14.86,28.04,10056.77,239.7216
"2021-10-11 13:22:00",214,14.87,28.04,10058.74,245.2729
"2021-10-11 13:23:00",215,14.87,28.05,10057.18,241.2748
"2021-10-11 13:24:00",216,14.86,28.05,10058.19,246.3119
"2021-10-11 13:25:00",217,14.87,28.05,10058.73,261.7097
"2021-10-11 13:26:00",218,14.88,28.05,10058.21,217.1277
"2021-10-11 13:27:00",219,14.88,28.05,10058.39,263.5051
"2021-10-11 13:28:00",220,14.87,28.05,10058.06,260.1102
"2021-10-11 13:29:00",221,14.88,28.05,10058.78,202.0512
"2021-10-11 13:30:00",222,14.88,28.05,10058.6,240.4804
"2021-10-11 13:31:00",223,14.87,28.05,10057.05,224.977
"2021-10-11 13:32:00",224,14.88,28.05,10058.88,213.3247
"2021-10-11 13:33:00",225,14.88,28.05,10057.58,271.1481
"2021-10-11 13:34:00",226,14.88,28.05,10056.65,186.5752
"2021-10-11 13:35:00",227,14.87,28.04,10058.65,244.5455
"2021-10-11 13:36:00",228,14.86,28.04,10057.67,212.8125
"2021-10-11 13:37:00",229,14.87,28.04,10057.19,215.5143
"2021-10-11 13:38:00",230,14.88,28.03,10059.05,262.1215
"2021-10-11 13:39:00",231,14.87,28.03,10057.05,233.7145
"2021-10-11 13:40:00",232,14.87,28.02,10057.28,204.7424
"2021-10-11 13:41:00",233,14.87,28.02,10058.85,240.8638
"2021-10-11 13:42:00",234,14.87,28.01,10058.61,225.3754
"2021-10-11 13:43:00",235,14.86,28.01,10058.24,216.9752
"2021-10-11 13:44:00",236,14.86,28,10058.45,221.3985
"2021-10-11 13:45:00",237,14.87,28,10058.46,230.6815
"2021-10-11 13:46:00",238,14.87,28,10058.44,203.379
"2021-10-11 13:47:00",239,14.88,28,10057.02,252.8448
"2021-10-11 13:48:00",240,14.87,28,10058.27,253.1616
"2021-10-11 13:49:00",241,14.87,28,10057.57,286.2723
"2021-10-11 13:50:00",242,14.87,28,10056.37,245.0561
"2021-10-11 13:51:00",243,14.87,28,10059.5,284.8148
"2021-10-11 13:52:00",244,14.87,28.01,10057.13,256.464
"2021-10-11 13:53:00",245,14.87,28.01,10056.55,206.0266
"2021-10-11 13:54:00",246,14.86,28.01,10059.29,230.1572
"2021-10-11 13:55:00",247,14.86,28.01,10057.07,226.2712
"2021-10-11 13:56:00",248,14.87,28.01,10057.67,226.7163
"2021-10-11 13:57:00",249,14.88,28.02,10058.37,208.0198
"2021-10-11 13:58:00",250,14.86,28.02,10057.9,203.8913
"2021-10-11 13:59:00",251,14.87,28.02,10058.97,280.1253
"2021-10-11 14:00:00",252,14.87,28.03,10057.92,227.2411
"2021-10-11 14:01:00",253,14.87,28.03,10058.34,195.9075
"2021-10-11 14:02:00",254,14.87,28.04,10058.52,189.371
"2021-10-11 14:03:00",255,14.87,28.04,10056.58,231.07
"2021-10-11 14:04:00",256,14.87,28.05,10058.98,191.8201
"2021-10-11 14:05:00",257,14.87,28.06,10057.37,255.954
"2021-10-11 14:06:00",258,14.87,28.06,10056.33,261.3715
"2021-10-11 14:07:00",259,14.87,28.07,10059.02,264.234
"2021-10-11 14:08:00",260,14.87,28.08,10057.1,255.7305
"2021-10-11 14:09:00",261,14.87,28.08,10057.17,236.2905
"2021-10-11 14:10:00",262,14.87,28.09,10058.89,247.719
"2021-10-11 14:11:00",263,14.85,28.09,10057.25,293.9557
"2021-10-11 14:12:00",264,14.87,28.1,10057.81,218.3384
"2021-10-11 14:13:00",265,14.87,28.11,10058.5,221.3654
"2021-10-11 14:14:00",266,14.87,28.11,10058.32,246.1667
"2021-10-11 14:15:00",267,14.87,28.12,10058.01,263.8446
"2021-10-11 14:16:00",268,14.87,28.12,10057.72,204.9937
"2021-10-11 14:17:00",269,14.87,28.13,10059.01,230.4529
"2021-10-11 14:18:00",270,14.87,28.13,10058.34,236.3432
"2021-10-11 14:19:00",271,14.87,28.13,10056.53,228.4483
"2021-10-11 14:20:00",272,14.86,28.14,10058.59,238.3329
"2021-10-11 14:21:00",273,14.87,28.14,10057.39,238.9556
"2021-10-11 14:22:00",274,14.88,28.14,10056.8,235.9845
"2021-10-11 14:23:00",275,14.86,28.14,10059.23,224.8258
"2021-10-11 14:24:00",276,14.86,28.14,10057.09,229.0778
"2021-10-11 14:25:00",277,14.87,28.14,10057,272.8413
"2021-10-11 14:26:00",278,14.88,28.15,10058.99,230.274
"2021-10-11 14:27:00",279,14.88,28.15,10057.47,239.3626
"2021-10-11 14:28:00",280,14.88,28.15,10057.49,258.4474
"2021-10-11 14:29:00",281,14.88,28.15,10058.42,263.9946
"2021-10-11 14:30:00",282,14.86,28.15,10058.23,254.5907
"2021-10-11 14:31:00",283,14.87,28.15,10058.36,226.1083
"2021-10-11 14:32:00",284,14.87,28.16,10057.86,198.6713
"2021-10-11 14:33:00",285,14.87,28.15,10058.5,233.2234
"2021-10-11 14:34:00",286,14.88,28.15,10058.64,230.5545
"2021-10-11 14:35:00",287,14.88,28.15,10057.05,273.4252
"2021-10-11 14:36:00",288,14.87,28.15,10058.53,255.4697
"2021-10-11 14:37:00",289,14.88,28.15,10057.06,201.2813
"2021-10-11 14:38:00",290,14.88,28.14,10056.32,260.6824
"2021-10-11 14:39:00",291,14.87,28.14,10059.18,236.6865
"2021-10-11 14:40:00",292,14.87,28.13,10057.19,246.9607
"2021-10-11 14:41:00",293,14.88,28.12,10056.86,211.2408
"2021-10-11 14:42:00",294,14.87,28.11,10058.21,249.5745
"2021-10-11 14:43:00",295,14.88,28.11,10057.13,263.9856
"2021-10-11 14:44:00",296,14.87,28.1,10057.97,282.8186
"2021-10-11 14:45:00",297,14.87,28.1,10058.52,255.2598
"2021-10-11 14:46:00",298,14.86,28.09,10058.26,249.0155
"2021-10-11 14:47:00",299,14.86,28.09,10058.34,279.8367
"2021-10-11 14:48:00",300,14.87,28.08,10057.67,238.9603
"2021-10-11 14:49:00",301,14.87,28.07,10058.68,208.8754
"2021-10-11 14:50:00",302,14.88,28.07,10058.39,231.9195
"2021-10-11 14:51:00",303,14.87,28.06,10056.75,220.9343
"2021-10-11 14:52:00",304,14.87,28.06,10058.88,207.4536
"2021-10-11 14:53:00",305,14.87,28.06,10057.35,240.7395
"2021-10-11 14:54:00",306,14.88,28.06,10056.94,233.6489
"2021-10-11 14:55:00",307,14.87,28.06,10058.58,234.9052
"2021-10-11 14:56:00",308,14.88,28.05,10056.97,267.8971
"2021-10-11 14:57:00",309,14.88,28.05,10057.55,250.7201
"2021-10-11 14:58:00",310,14.87,28.05,10058.37,334.7539
"2021-10-11 14:59:00",311,14.87,28.05,10057.35,269.3978
"2021-10-11 15:00:00",312,14.88,28.04,10057.17,230.001
"2021-10-11 15:01:00",313,14.86,28.04,10058.15,241.8514
"2021-10-11 15:02:00",314,14.86,28.03,10058.93,255.1504
"2021-10-11 15:03:00",315,14.87,28.02,10058.53,257.4857
"2021-10-11 15:04:00",316,14.87,28.01,10057.45,247.9943
"2021-10-11 15:05:00",317,14.87,28,10058.59,240.7871
"2021-10-11 15:06:00",318,14.88,27.98,10058.34,208.9341
"2021-10-11 15:07:00",319,14.87,27.97,10056.7,269.0499
"2021-10-11 15:08:00",320,14.86,27.96,10058.64,284.7935
"2021-10-11 15:09:00",321,14.87,27.95,10057.04,253.1284
"2021-10-11 15:10:00",322,14.86,27.94,10056.48,293.4255
"2021-10-11 15:11:00",323,14.87,27.93,10058.81,266.5101
"2021-10-11 15:12:00",324,14.88,27.92,10057.11,247.0748
"2021-10-11 15:13:00",325,14.87,27.91,10056.91,233.0631
"2021-10-11 15:14:00",326,14.87,27.9,10058.81,261.8741
"2021-10-11 15:15:00",327,14.86,27.9,10057.57,240.2321
"2021-10-11 15:16:00",328,14.88,27.89,10057.7,284.2496
"2021-10-11 15:17:00",329,14.88,27.88,10058.05,242.8166
"2021-10-11 15:18:00",330,14.88,27.87,10058.11,225.1165
"2021-10-11 15:19:00",331,14.88,27.86,10058.64,318.6251
"2021-10-11 15:20:00",332,14.87,27.85,10058.1,265.5223
"2021-10-11 15:21:00",333,14.88,27.85,10058.6,232.6799
"2021-10-11 15:22:00",334,14.88,27.83,10058.12,246.1755
"2021-10-11 15:23:00",335,14.88,27.83,10056.63,283.7628
"2021-10-11 15:24:00",336,14.87,27.81,10059.35,207.5558
"2021-10-11 15:25:00",337,14.87,27.81,10057.48,198.0913
"2021-10-11 15:26:00",338,14.87,27.79,10056.8,197.9775
"2021-10-11 15:27:00",339,14.88,27.78,10058.98,240.649
"2021-10-11 15:28:00",340,14.88,27.78,10057.06,246.1738
"2021-10-11 15:29:00",341,14.87,27.76,10057.66,206.4846
"2021-10-11 15:30:00",342,14.87,27.75,10058.38,217.0659
"2021-10-11 15:31:00",343,14.87,27.75,10057.57,249.1347
"2021-10-11 15:32:00",344,14.87,27.74,10057.89,246.581
"2021-10-11 15:33:00",345,14.88,27.74,10057.97,226.3211
"2021-10-11 15:34:00",346,14.86,27.74,10058.49,274.0573
"2021-10-11 15:35:00",347,14.86,27.74,10058.51,258.9185
"2021-10-11 15:36:00",348,14.87,27.74,10057.07,232.2004
"2021-10-11 15:37:00",349,14.86,27.74,10059.4,230.5419
"2021-10-11 15:38:00",350,14.87,27.74,10058.15,227.8207
"2021-10-11 15:39:00",351,14.87,27.75,10056.6,224.3725
"2021-10-11 15:40:00",352,14.87,27.75,10058.78,261.1374
"2021-10-11 15:41:00",353,14.87,27.75,10057.31,238.2313
"2021-10-11 15:42:00",354,14.87,27.76,10057.18,249.6744
"2021-10-11 15:43:00",355,14.87,27.76,10058.84,238.5279
"2021-10-11 15:44:00",356,14.85,27.76,10057.13,222.5107
"2021-10-11 15:45:00",357,14.87,27.76,10056.82,273.3835
"2021-10-11 15:46:00",358,14.87,27.76,10058.42,275.343
"2021-10-11 15:47:00",359,14.87,27.76,10057.64,226.048
"2021-10-11 15:48:00",360,14.86,27.76,10057.53,241.237
"2021-10-11 15:49:00",361,14.87,27.76,10058.22,257.3688
"2021-10-11 15:50:00",362,14.86,27.75,10058.24,190.2037
"2021-10-11 15:51:00",363,14.86,27.74,10058.57,269.4137
"2021-10-11 15:52:00",364,14.87,27.73,10057.58,276.1808
"2021-10-11 15:53:00",365,14.87,27.72,10058.83,217.7304
"2021-10-11 15:54:00",366,14.86,27.71,10058.4,272.6838
"2021-10-11 15:55:00",367,14.85,27.7,10056.75,264.1584
"2021-10-11 15:56:00",368,14.87,27.68,10059.26,212.2512
"2021-10-11 15:57:00",369,14.87,27.66,10057.43,218.2376
"2021-10-11 15:58:00",370,14.86,27.65,10056.71,311.7675
"2021-10-11 15:59:00",371,14.88,27.63,10059.4,263.8761
"2021-10-11 16:00:00",372,14.86,27.61,10057.33,216.7921
"2021-10-11 16:01:00",373,14.87,27.59,10057.19,274.6642
"2021-10-11 16:02:00",374,14.87,27.57,10058.01,243.7377
"2021-10-11 16:03:00",375,14.88,27.55,10057.4,241.6698
"2021-10-11 16:04:00",376,14.86,27.53,10058.46,217.5242
"2021-10-11 16:05:00",377,14.87,27.51,10057.88,199.5954
"2021-10-11 16:06:00",378,14.88,27.5,10058.6,265.9962
"2021-10-11 16:07:00",379,14.87,27.48,10058.61,263.8642
"2021-10-11 16:08:00",380,14.88,27.47,10057.07,229.4629
"2021-10-11 16:09:00",381,14.88,27.45,10059.19,232.3682
"2021-10-11 16:10:00",382,14.87,27.44,10058.35,266.3733
"2021-10-11 16:11:00",383,14.88,27.43,10056.36,240.5732
"2021-10-11 16:12:00",384,14.88,27.41,10059.08,236.803
"2021-10-11 16:13:00",385,14.86,27.4,10056.96,211.9539
"2021-10-11 16:14:00",386,14.86,27.39,10057.06,250.9843
"2021-10-11 16:15:00",387,14.86,27.38,10058.79,223.1268
"2021-10-11 16:16:00",388,14.86,27.36,10057.21,235.3781
"2021-10-11 16:17:00",389,14.86,27.35,10057.45,234.2237
"2021-10-11 16:18:00",390,14.88,27.33,10058.23,224.4947
"2021-10-11 16:19:00",391,14.87,27.32,10057.57,276.4643
"2021-10-11 16:20:00",392,14.87,27.3,10057.36,246.634
"2021-10-11 16:21:00",393,14.88,27.29,10057.95,241.4954
"2021-10-11 16:22:00",394,14.88,27.28,10059.17,250.6006
"2021-10-11 16:23:00",395,14.88,27.26,10058.62,239.6484
"2021-10-11 16:24:00",396,14.87,27.25,10057.6,246.8084
"2021-10-11 16:25:00",397,14.88,27.24,10059.08,252.3905
"2021-10-11 16:26:00",398,14.88,27.22,10058.57,198.6768
"2021-10-11 16:27:00",399,14.87,27.21,10057.21,221.4168
"2021-10-11 16:28:00",400,14.86,27.2,10059.14,229.0267
"2021-10-11 16:29:00",401,14.87,27.18,10057.24,249.0992
"2021-10-11 16:30:00",402,14.87,27.17,10056.73,256.1882
"2021-10-11 16:31:00",403,14.87,27.15,10059.18,289.2096
"2021-10-11 16:32:00",404,14.88,27.14,10057.42,221.6718
"2021-10-11 16:33:00",405,14.88,27.13,10057.19,251.1854
"2021-10-11 16:34:00",406,14.88,27.12,10058.42,246.0615
"2021-10-11 16:35:00",407,14.87,27.11,10057.4,258.0188
"2021-10-11 16:36:00",408,14.86,27.09,10058.05,243.1572
"2021-10-11 16:37:00",409,14.86,27.08,10058.05,236.5563
"2021-10-11 16:38:00",410,14.87,27.07,10058.53,266.6708
"2021-10-11 16:39:00",411,14.87,27.06,10058.85,265.2471
"2021-10-11 16:40:00",412,14.88,27.05,10057.32,206.7363
"2021-10-11 16:41:00",413,14.87,27.03,10059.25,276.7143
"2021-10-11 16:42:00",414,14.88,27.02,10058.36,294.1834
"2021-10-11 16:43:00",415,14.88,27,10056.22,287.1056
"2021-10-11 16:44:00",416,14.86,26.99,10059.96,276.1562
"2021-10-11 16:45:00",417,14.86,26.97,10057.37,286.7264
"2021-10-11 16:46:00",418,14.86,26.96,10056.99,289.3977
"2021-10-11 16:47:00",419,14.86,26.94,10058.61,206.8287
"2021-10-11 16:48:00",420,14.87,26.92,10057.2,321.7914
"2021-10-11 16:49:00",421,14.88,26.91,10057.99,271.3976
"2021-10-11 16:50:00",422,14.87,26.89,10058.21,221.843
"2021-10-11 16:51:00",423,14.87,26.87,10057.67,280.4149
"2021-10-11 16:52:00",424,14.88,26.85,10057.6,246.9337
"2021-10-11 16:53:00",425,14.88,26.83,10057.88,255.2691
"2021-10-11 16:54:00",426,14.88,26.81,10059.06,269.6229
"2021-10-11 16:55:00",427,14.87,26.79,10058.64,230.1034
"2021-10-11 16:56:00",428,14.87,26.77,10057.49,277.8978
"2021-10-11 16:57:00",429,14.87,26.75,10059.25,218.3809
"2021-10-11 16:58:00",430,14.88,26.73,10058.59,248.1056
"2021-10-11 16:59:00",431,14.87,26.71,10057.5,284.0241
"2021-10-11 17:00:00",432,14.87,26.69,10059.06,288.5547
"2021-10-11 17:01:00",433,14.87,26.67,10057.73,275.89
"2021-10-11 17:02:00",434,14.86,26.65,10056.87,228.5842
"2021-10-11 17:03:00",435,14.86,26.63,10058.86,259.018
"2021-10-11 17:04:00",436,14.87,26.61,10057.07,260.833
"2021-10-11 17:05:00",437,14.87,26.59,10057.25,274.7361
"2021-10-11 17:06:00",438,14.88,26.58,10058.32,261.0736
"2021-10-11 17:07:00",439,14.86,26.56,10057.77,232.5422
"2021-10-11 17:08:00",440,14.86,26.54,10057.95,260.4688
"2021-10-11 17:09:00",441,14.87,26.52,10058.02,313.0681
"2021-10-11 17:10:00",442,14.87,26.5,10058.68,265.606
"2021-10-11 17:11:00",443,14.88,26.48,10059.35,249.2639
"2021-10-11 17:12:00",444,14.87,26.46,10057.89,303.5834
"2021-10-11 17:13:00",445,14.88,26.44,10059.27,262.0926
"2021-10-11 17:14:00",446,14.87,26.41,10058.4,265.5829
"2021-10-11 17:15:00",447,14.87,26.39,10056.6,276.7349
"2021-10-11 17:16:00",448,14.87,26.37,10060.15,254.0935
"2021-10-11 17:17:00",449,14.86,26.35,10057.56,241.7655
"2021-10-11 17:18:00",450,14.86,26.32,10057,270.9723
"2021-10-11 17:19:00",451,14.86,26.3,10059.22,245.4113
"2021-10-11 17:20:00",452,14.87,26.28,10057.42,275.4083
"2021-10-11 17:21:00",453,14.86,26.25,10057.87,261.1588
"2021-10-11 17:22:00",454,14.86,26.23,10058.62,268.9779
"2021-10-11 17:23:00",455,14.86,26.21,10057.53,255.2656
"2021-10-11 17:24:00",456,14.87,26.19,10057.63,259.7316
"2021-10-11 17:25:00",457,14.87,26.16,10058.41,253.8352
"2021-10-11 17:26:00",458,14.87,26.14,10059.46,255.2217
"2021-10-11 17:27:00",459,14.86,26.12,10058.69,297.4422
"2021-10-11 17:28:00",460,14.86,26.1,10057.86,239.4084
"2021-10-11 17:29:00",461,14.87,26.08,10059.33,269.9466
"2021-10-11 17:30:00",462,14.87,26.06,10058.72,322.1365
"2021-10-11 17:31:00",463,14.87,26.04,10057.23,235.8992
"2021-10-11 17:32:00",464,14.86,26.02,10059.09,277.3075
"2021-10-11 17:33:00",465,14.86,26,10057.62,286.7952
"2021-10-11 17:34:00",466,14.87,25.98,10057.34,261.6484
"2021-10-11 17:35:00",467,14.86,25.96,10059.26,270.9166
"2021-10-11 17:36:00",468,14.86,25.94,10057.29,328.3649
"2021-10-11 17:37:00",469,14.88,25.92,10057.15,309.9292
"2021-10-11 17:38:00",470,14.87,25.9,10058.77,278.344
"2021-10-11 17:39:00",471,14.88,25.88,10058.14,333.5385
"2021-10-11 17:40:00",472,14.86,25.86,10058.16,304.0849
"2021-10-11 17:41:00",473,14.86,25.84,10058.12,280.8414
"2021-10-11 17:42:00",474,14.87,25.82,10058.64,246.8509
"2021-10-11 17:43:00",475,14.87,25.79,10059.22,270.8217
"2021-10-11 17:44:00",476,14.87,25.77,10058.15,267.6774
"2021-10-11 17:45:00",477,14.88,25.75,10059.12,306.2075
"2021-10-11 17:46:00",478,14.87,25.72,10058.81,272.5315
"2021-10-11 17:47:00",479,14.87,25.7,10056.76,278.0706
"2021-10-11 17:48:00",480,14.88,25.68,10059.86,298.5022
"2021-10-11 17:49:00",481,14.87,25.66,10057.72,307.2558
"2021-10-11 17:50:00",482,14.87,25.63,10057.14,316.9371
"2021-10-11 17:51:00",483,14.87,25.61,10059.38,303.0457
"2021-10-11 17:52:00",484,14.88,25.59,10057.55,283.4051
"2021-10-11 17:53:00",485,14.88,25.56,10057.87,331.3947
"2021-10-11 17:54:00",486,14.88,25.54,10058.74,322.131
"2021-10-11 17:55:00",487,14.86,25.51,10057.61,254.1528
"2021-10-11 17:56:00",488,14.87,25.49,10058.21,286.7727
"2021-10-11 17:57:00",489,14.86,25.46,10058.65,334.8067
"2021-10-11 17:58:00",490,14.87,25.44,10058.96,318.9789
"2021-10-11 17:59:00",491,14.88,25.42,10058.65,338.7433
"2021-10-11 18:00:00",492,14.87,25.39,10057.82,329.9319
"2021-10-11 18:01:00",493,14.87,25.37,10059.35,313.1275
"2021-10-11 18:02:00",494,14.86,25.34,10058.78,281.37
"2021-10-11 18:03:00",495,14.87,25.31,10057.58,321.8195
"2021-10-11 18:04:00",496,14.87,25.28,10059.14,333.987
"2021-10-11 18:05:00",497,14.87,25.26,10058.15,297.6888
"2021-10-11 18:06:00",498,14.88,25.23,10057.46,331.3759
"2021-10-11 18:07:00",499,14.88,25.2,10059.31,352.4541
"2021-10-11 18:08:00",500,14.88,25.17,10057.6,336.4878
"2021-10-11 18:09:00",501,14.87,25.13,10057.5,355.8152
"2021-10-11 18:10:00",502,14.87,25.1,10059.27,342.2289
"2021-10-11 18:11:00",503,14.86,25.07,10058.54,385.7611
"2021-10-11 18:12:00",504,14.86,25.04,10057.99,342.5681
"2021-10-11 18:13:00",505,14.87,25,10058.71,315.0752
"2021-10-11 18:14:00",506,14.87,24.96,10058.81,385.5794
"2021-10-11 18:15:00",507,14.87,24.93,10059.54,390.9779
"2021-10-11 18:16:00",508,14.87,24.89,10058.35,369.2868
"2021-10-11 18:17:00",509,14.87,24.86,10059.31,406.2423
"2021-10-11 18:18:00",510,14.87,24.82,10058.83,318.5197
"2021-10-11 18:19:00",511,14.86,24.78,10057.04,325.8993
"2021-10-11 18:20:00",512,14.86,24.74,10059.87,370.9318
"2021-10-11 18:21:00",513,14.85,24.71,10057.93,379.8538
"2021-10-11 18:22:00",514,14.87,24.67,10057.34,357.3382
"2021-10-11 18:23:00",515,14.87,24.63,10059.61,432.8976
"2021-10-11 18:24:00",516,14.87,24.59,10057.79,390.3967
"2021-10-11 18:25:00",517,14.87,24.56,10057.83,433.6515
"2021-10-11 18:26:00",518,14.86,24.52,10058.98,424.0213
"2021-10-11 18:27:00",519,14.87,24.48,10057.53,396.5782
"2021-10-11 18:28:00",520,14.87,24.44,10058.37,413.3019
"2021-10-11 18:29:00",521,14.86,24.41,10058.76,406.3996
"2021-10-11 18:30:00",522,14.86,24.37,10059.08,418.6162
"2021-10-11 18:31:00",523,14.86,24.34,10058.9,377.2028
"2021-10-11 18:32:00",524,14.87,24.3,10058.4,395.4594
"2021-10-11 18:33:00",525,14.87,24.26,10059.24,406.0156
"2021-10-11 18:34:00",526,14.87,24.23,10058.9,448.3893
"2021-10-11 18:35:00",527,14.86,24.19,10057.32,479.9822
"2021-10-11 18:36:00",528,14.86,24.16,10059.15,480.9164
"2021-10-11 18:37:00",529,14.86,24.12,10058.05,413.1687
"2021-10-11 18:38:00",530,14.86,24.08,10057.22,470.7903
"2021-10-11 18:39:00",531,14.86,24.05,10059.81,427.2389
"2021-10-11 18:40:00",532,14.86,24.02,10057.89,423.6952
"2021-10-11 18:41:00",533,14.87,23.98,10057.19,433.8157
"2021-10-11 18:42:00",534,14.86,23.95,10059.82,441.1281
"2021-10-11 18:43:00",535,14.86,23.91,10057.87,468.0527
"2021-10-11 18:44:00",536,14.87,23.88,10058.17,524.2838
"2021-10-11 18:45:00",537,14.87,23.85,10058.91,463.4454
"2021-10-11 18:46:00",538,14.88,23.81,10058.6,489.9207
"2021-10-11 18:47:00",539,14.88,23.78,10059.57,498.1281
"2021-10-11 18:48:00",540,14.88,23.75,10058.67,487.3828
"2021-10-11 18:49:00",541,14.87,23.71,10059.07,550.8533
"2021-10-11 18:50:00",542,14.87,23.68,10059.16,546.3213
"2021-10-11 18:51:00",543,14.87,23.65,10057.36,567.0224
"2021-10-11 18:52:00",544,14.87,23.62,10059.64,525.3293
"2021-10-11 18:53:00",545,14.87,23.58,10058.12,539.1535
"2021-10-11 18:54:00",546,14.88,23.56,10057.13,532.783
"2021-10-11 18:55:00",547,14.88,23.52,10059.18,514.9803
"2021-10-11 18:56:00",548,14.88,23.5,10058.26,522.4297
"2021-10-11 18:57:00",549,14.88,23.47,10058.02,571.2092
"2021-10-11 18:58:00",550,14.88,23.44,10059.42,586.2228
"2021-10-11 18:59:00",551,14.87,23.42,10057.81,619.9545
"2021-10-11 19:00:00",552,14.87,23.39,10057.89,606.9791
"2021-10-11 19:01:00",553,14.87,23.37,10059.41,627.4859
"2021-10-11 19:02:00",554,14.86,23.35,10058.83,662.3752
"2021-10-11 19:03:00",555,14.86,23.33,10058.62,606.3171
"2021-10-11 19:04:00",556,14.88,23.31,10058.85,601.4179
"2021-10-11 19:05:00",557,14.87,23.3,10058.8,652.8237
"2021-10-11 19:06:00",558,14.88,23.28,10059.21,680.9525
"2021-10-11 19:07:00",559,14.87,23.26,10058.05,594.2158
"2021-10-11 19:08:00",560,14.87,23.24,10058.75,652.3925
"2021-10-11 19:09:00",561,14.87,23.22,10058.56,657.3134
"2021-10-11 19:10:00",562,14.87,23.21,10057.29,676.0233
"2021-10-11 19:11:00",563,14.87,23.19,10059.62,706.511
"2021-10-11 19:12:00",564,14.87,23.17,10058.03,708.9205
"2021-10-11 19:13:00",565,14.87,23.15,10057.21,739.9702
"2021-10-11 19:14:00",566,14.88,23.13,10060.08,762.8152
"2021-10-11 19:15:00",567,14.88,23.11,10057.88,749.2604
"2021-10-11 19:16:00",568,14.88,23.09,10058.42,728.3484
"2021-10-11 19:17:00",569,14.88,23.07,10059.58,701.8539
"2021-10-11 19:18:00",570,14.88,23.06,10058.81,720.6057
"2021-10-11 19:19:00",571,14.88,23.04,10059.27,787.9697
"2021-10-11 19:20:00",572,14.87,23.02,10059.05,761.0988
"2021-10-11 19:21:00",573,14.86,23,10059.25,807.3262
"2021-10-11 19:22:00",574,14.87,22.99,10058.63,841.9161
"2021-10-11 19:23:00",575,14.87,22.97,10058.06,801.1225
"2021-10-11 19:24:00",576,14.87,22.96,10059.32,795.4002
"2021-10-11 19:25:00",577,14.87,22.95,10058.26,830.3012
"2021-10-11 19:26:00",578,14.87,22.93,10057.45,858.8184
"2021-10-11 19:27:00",579,14.86,22.92,10059.17,793.1901
"2021-10-11 19:28:00",580,14.87,22.91,10058.45,838.6693
"2021-10-11 19:29:00",581,14.86,22.9,10057.57,890.1455
"2021-10-11 19:30:00",582,14.86,22.89,10059.78,880.4087
"2021-10-11 19:31:00",583,14.86,22.87,10057.99,918.6535
"2021-10-11 19:32:00",584,14.87,22.86,10057.99,864.4724
"2021-10-11 19:33:00",585,14.87,22.84,10060.29,890.1794
"2021-10-11 19:34:00",586,14.87,22.83,10059.09,944.7941
"2021-10-11 19:35:00",587,14.88,22.81,10058.7,980.9151
"2021-10-11 19:36:00",588,14.88,22.8,10059.43,934.2348
"2021-10-11 19:37:00",589,14.86,22.78,10058.7,923.269
"2021-10-11 19:38:00",590,14.86,22.76,10059.05,935.325
"2021-10-11 19:39:00",591,14.87,22.74,10058.45,959.9916
"2021-10-11 19:40:00",592,14.87,22.72,10058.47,987.957
"2021-10-11 19:41:00",593,14.86,22.71,10058.16,995.8459
"2021-10-11 19:42:00",594,14.85,22.69,10057.84,1007.174
"2021-10-11 19:43:00",595,14.85,22.67,10059.79,1008.885
"2021-10-11 19:44:00",596,14.86,22.65,10058.2,1030.677
"2021-10-11 19:45:00",597,14.87,22.63,10057.18,1032.986
"2021-10-11 19:46:00",598,14.86,22.61,10059.52,1084.381
"2021-10-11 19:47:00",599,14.87,22.59,10057.98,1093.503
"2021-10-11 19:48:00",600,14.87,22.57,10058.21,1077.924
"2021-10-11 19:49:00",601,14.87,22.55,10059.87,1098.177
"2021-10-11 19:50:00",602,14.86,22.53,10058.85,1164.239
"2021-10-11 19:51:00",603,14.86,22.51,10058.73,1097.407
"2021-10-11 19:52:00",604,14.86,22.49,10059.78,1138.645
"2021-10-11 19:53:00",605,14.87,22.47,10059.49,1117.038
"2021-10-11 19:54:00",606,14.88,22.45,10058.7,1152.382
"2021-10-11 19:55:00",607,14.87,22.43,10058.98,1131.764
"2021-10-11 19:56:00",608,14.87,22.41,10058.44,1106.798
"2021-10-11 19:57:00",609,14.86,22.39,10058.56,1201.739
"2021-10-11 19:58:00",610,14.87,22.37,10058.26,1161.784
"2021-10-11 19:59:00",611,14.87,22.36,10058.74,1185.097
"2021-10-11 20:00:00",612,14.88,22.34,10058.68,1235.953
"2021-10-11 20:01:00",613,14.86,22.32,10057.52,1218.719
"2021-10-11 20:02:00",614,14.87,22.3,10059.76,1249.317
"2021-10-11 20:03:00",615,14.86,22.29,10058.33,1209.758
"2021-10-11 20:04:00",616,14.86,22.27,10057.73,1234.075
"2021-10-11 20:05:00",617,14.87,22.25,10060.46,1279.963
"2021-10-11 20:06:00",618,14.88,22.23,10058.78,1276.362
"2021-10-11 20:07:00",619,14.86,22.22,10058.58,1299.22
"2021-10-11 20:08:00",620,14.87,22.2,10060.03,1299.847
"2021-10-11 20:09:00",621,14.85,22.19,10058.71,1350.001
"2021-10-11 20:10:00",622,14.86,22.17,10058.98,1357.913
"2021-10-11 20:11:00",623,14.87,22.16,10059.17,1338.125
"2021-10-11 20:12:00",624,14.87,22.15,10058.12,1334.866
"2021-10-11 20:13:00",625,14.87,22.14,10057.92,1362.593
"2021-10-11 20:14:00",626,14.87,22.13,10058.58,1385.296
"2021-10-11 20:15:00",627,14.87,22.12,10058.9,1405.027
"2021-10-11 20:16:00",628,14.86,22.12,10058.01,1431.288
"2021-10-11 20:17:00",629,14.87,22.11,10057.65,1403.266
"2021-10-11 20:18:00",630,14.86,22.11,10059,1465.055
"2021-10-11 20:19:00",631,14.87,22.1,10058.33,1471.598
"2021-10-11 20:20:00",632,14.88,22.1,10058.58,1466.156
"2021-10-11 20:21:00",633,14.86,22.09,10059.75,1474.666
"2021-10-11 20:22:00",634,14.87,22.09,10059.14,1460.866
"2021-10-11 20:23:00",635,14.86,22.09,10058.19,1503.71
"2021-10-11 20:24:00",636,14.86,22.08,10060.4,1472.222
"2021-10-11 20:25:00",637,14.86,22.08,10058.79,1529.934
"2021-10-11 20:26:00",638,14.87,22.08,10057.99,1579.176
"2021-10-11 20:27:00",639,14.86,22.08,10059.18,1563.911
"2021-10-11 20:28:00",640,14.86,22.08,10057.45,1584.463
"2021-10-11 20:29:00",641,14.87,22.08,10058.52,1602.926
"2021-10-11 20:30:00",642,14.86,22.08,10058.48,1606.1
"2021-10-11 20:31:00",643,14.86,22.08,10058.13,1617.891
"2021-10-11 20:32:00",644,14.87,22.08,10057.96,1633.22
"2021-10-11 20:33:00",645,14.88,22.08,10057.78,1618.632
"2021-10-11 20:34:00",646,14.87,22.08,10058.96,1620.321
"2021-10-11 20:35:00",647,14.86,22.08,10058.42,1628.262
"2021-10-11 20:36:00",648,14.86,22.09,10058.1,1670.391
"2021-10-11 20:37:00",649,14.86,22.09,10059.54,1691.799
"2021-10-11 20:38:00",650,14.87,22.09,10059.19,1726.948
"2021-10-11 20:39:00",651,14.87,22.1,10058.43,1696.351
"2021-10-11 20:40:00",652,14.86,22.1,10059.94,1727.892
"2021-10-11 20:41:00",653,14.87,22.1,10058.8,1710.169
"2021-10-11 20:42:00",654,14.88,22.11,10057.61,1738.421
"2021-10-11 20:43:00",655,14.87,22.11,10059.76,1795.115
"2021-10-11 20:44:00",656,14.87,22.12,10058.06,1793.521
"2021-10-11 20:45:00",657,14.86,22.12,10057.67,1755.693
"2021-10-11 20:46:00",658,14.86,22.13,10059.1,1843.906
"2021-10-11 20:47:00",659,14.87,22.13,10058.29,1772.125
"2021-10-11 20:48:00",660,14.87,22.13,10058.51,1831.709
"2021-10-11 20:49:00",661,14.86,22.14,10058.66,1865.347
"2021-10-11 20:50:00",662,14.87,22.14,10058.53,1847.96
"2021-10-11 20:51:00",663,14.88,22.15,10058.58,1820.812
"2021-10-11 20:52:00",664,14.88,22.16,10058.53,1879.082
"2021-10-11 20:53:00",665,14.88,22.16,10059.67,1841.849
"2021-10-11 20:54:00",666,14.86,22.17,10059.09,1914.259
"2021-10-11 20:55:00",667,14.86,22.18,10057.72,1952.122
"2021-10-11 20:56:00",668,14.86,22.19,10059.91,1959.202
"2021-10-11 20:57:00",669,14.87,22.2,10059.02,1989.143
"2021-10-11 20:58:00",670,14.87,22.21,10057.83,1984.417
"2021-10-11 20:59:00",671,14.86,22.22,10059.73,1977.013
"2021-10-11 21:00:00",672,14.86,22.23,10058.07,2032.427
"2021-10-11 21:01:00",673,14.87,22.24,10057.84,2044.571
"2021-10-11 21:02:00",674,14.88,22.25,10059.55,1992.825
"2021-10-11 21:03:00",675,14.88,22.26,10058.01,2032.928
"2021-10-11 21:04:00",676,14.88,22.27,10057.83,2026.323
"2021-10-11 21:05:00",677,14.86,22.28,10058.86,2046.517
"2021-10-11 21:06:00",678,14.87,22.3,10058.38,2117.432
"2021-10-11 21:07:00",679,14.88,22.31,10058.38,2085.55
"2021-10-11 21:08:00",680,14.87,22.32,10058.67,2092.664
"2021-10-11 21:09:00",681,14.86,22.33,10059.16,2115.405
"2021-10-11 21:10:00",682,14.87,22.35,10059.61,2146.843
"2021-10-11 21:11:00",683,14.87,22.36,10058.58,2162.369
"2021-10-11 21:12:00",684,14.86,22.38,10059.8,2188.826
"2021-10-11 21:13:00",685,14.85,22.39,10058.92,2177.562
"2021-10-11 21:14:00",686,14.86,22.4,10057.45,2208.913
"2021-10-11 21:15:00",687,14.86,22.42,10060.49,2261.135
"2021-10-11 21:16:00",688,14.86,22.44,10058.29,2225.206
"2021-10-11 21:17:00",689,14.87,22.45,10057.71,2235.839
"2021-10-11 21:18:00",690,14.88,22.47,10059.62,2247.796
"2021-10-11 21:19:00",691,14.87,22.49,10057.77,2224.571
"2021-10-11 21:20:00",692,14.87,22.51,10058.28,2259.29
"2021-10-11 21:21:00",693,14.86,22.53,10058.96,2261.957
"2021-10-11 21:22:00",694,14.87,22.55,10058.35,2326.508
"2021-10-11 21:23:00",695,14.86,22.57,10058.12,2290.065
"2021-10-11 21:24:00",696,14.85,22.59,10058.88,2295.079
"2021-10-11 21:25:00",697,14.87,22.61,10059.61,2368.04
"2021-10-11 21:26:00",698,14.87,22.63,10059.23,2364.228
"2021-10-11 21:27:00",699,14.87,22.65,10058.5,2432.076
"2021-10-11 21:28:00",700,14.86,22.67,10059.48,2375.109
"2021-10-11 21:29:00",701,14.86,22.69,10059.26,2394.575
"2021-10-11 21:30:00",702,14.87,22.72,10057.88,2391.169
"2021-10-11 21:31:00",703,14.87,22.74,10059.37,2420.601
"2021-10-11 21:32:00",704,14.86,22.76,10057.93,2407.9
"2021-10-11 21:33:00",705,14.86,22.78,10057.31,2442.608
"2021-10-11 21:34:00",706,14.86,22.8,10060.01,2433.754
"2021-10-11 21:35:00",707,14.87,22.82,10058.06,2511.348
"2021-10-11 21:36:00",708,14.87,22.84,10057.6,2499.268
"2021-10-11 21:37:00",709,14.87,22.86,10059.55,2526.566
"2021-10-11 21:38:00",710,14.87,22.88,10057.93,2510.512
"2021-10-11 21:39:00",711,14.87,22.89,10058.47,2575.876
"2021-10-11 21:40:00",712,14.86,22.91,10059.3,2532.472
"2021-10-11 21:41:00",713,14.87,22.93,10059.03,2567.285
"2021-10-11 21:42:00",714,14.85,22.94,10059.33,2625.863
"2021-10-11 21:43:00",715,14.85,22.96,10058.61,2608.772
"2021-10-11 21:44:00",716,14.86,22.97,10059.68,2587.529
"2021-10-11 21:45:00",717,14.85,22.98,10059.19,2586.957
"2021-10-11 21:46:00",718,14.85,23,10057.47,2616.265
"2021-10-11 21:47:00",719,14.84,23.01,10059.63,2611.692
"2021-10-11 21:48:00",720,14.87,23.02,10058.29,2658.809
"2021-10-11 21:49:00",721,14.87,23.03,10057.33,2681.773
"2021-10-11 21:50:00",722,14.87,23.04,10059.93,2638.514
"2021-10-11 21:51:00",723,14.86,23.05,10057.94,2674.234
"2021-10-11 21:52:00",724,14.86,23.07,10057.86,2680.351
"2021-10-11 21:53:00",725,14.86,23.08,10059.77,2719.486
"2021-10-11 21:54:00",726,14.86,23.09,10057.8,2804.05
"2021-10-11 21:55:00",727,14.87,23.1,10058.23,2715.789
"2021-10-11 21:56:00",728,14.86,23.11,10059.62,2710.739
"2021-10-11 21:57:00",729,14.87,23.12,10059.15,2778.572
"2021-10-11 21:58:00",730,14.88,23.13,10058.97,2780.863
"2021-10-11 21:59:00",731,14.87,23.14,10058.57,2794.757
"2021-10-11 22:00:00",732,14.87,23.15,10059.01,2833.44
"2021-10-11 22:01:00",733,14.87,23.16,10059.54,2824.123
"2021-10-11 22:02:00",734,14.86,23.17,10058.16,2867.408
"2021-10-11 22:03:00",735,14.86,23.18,10059.16,2862.304
"2021-10-11 22:04:00",736,14.87,23.19,10058.11,2779.283
"2021-10-11 22:05:00",737,14.86,23.2,10057.38,2917.634
"2021-10-11 22:06:00",738,14.87,23.21,10060.15,2896.885
"2021-10-11 22:07:00",739,14.86,23.21,10058.21,2864.037
"2021-10-11 22:08:00",740,14.86,23.22,10057.48,2874.184
"2021-10-11 22:09:00",741,14.86,23.23,10059.12,2907.867
"2021-10-11 22:10:00",742,14.86,23.23,10057.93,2891.569
"2021-10-11 22:11:00",743,14.87,23.24,10058.65,2992.775
"2021-10-11 22:12:00",744,14.86,23.24,10059.47,2931.422
"2021-10-11 22:13:00",745,14.87,23.25,10058.59,3013.059
"2021-10-11 22:14:00",746,14.87,23.25,10059.07,3013.887
"2021-10-11 22:15:00",747,14.87,23.25,10059.26,3059.816
"2021-10-11 22:16:00",748,14.87,23.26,10059.44,3055.988
"2021-10-11 22:17:00",749,14.87,23.26,10059.24,3027.643
"2021-10-11 22:18:00",750,14.86,23.26,10057.96,3035.139
"2021-10-11 22:19:00",751,14.85,23.26,10058.96,3014.944
"2021-10-11 22:20:00",752,14.86,23.26,10058.57,3065.813
"2021-10-11 22:21:00",753,14.86,23.26,10057.81,3153.329
"2021-10-11 22:22:00",754,14.87,23.26,10059.33,3155.745
"2021-10-11 22:23:00",755,14.87,23.26,10058.36,3078.046
"2021-10-11 22:24:00",756,14.86,23.26,10057.06,3110.191
"2021-10-11 22:25:00",757,14.86,23.25,10060.14,3140.531
"2021-10-11 22:26:00",758,14.87,23.25,10058.11,3177.936
"2021-10-11 22:27:00",759,14.86,23.25,10058.09,3194.262
"2021-10-11 22:28:00",760,14.87,23.25,10059.88,3157.644
"2021-10-11 22:29:00",761,14.85,23.25,10058.9,3222.969
"2021-10-11 22:30:00",762,14.86,23.24,10059.17,3255.611
"2021-10-11 22:31:00",763,14.85,23.24,10059.38,3267.341
"2021-10-11 22:32:00",764,14.86,23.24,10058.72,3210.166
"2021-10-11 22:33:00",765,14.87,23.23,10059.19,3222.151
"2021-10-11 22:34:00",766,14.87,23.23,10058.31,3224.652
"2021-10-11 22:35:00",767,14.87,23.23,10058.82,3273.526
"2021-10-11 22:36:00",768,14.86,23.23,10058.09,3279.633
"2021-10-11 22:37:00",769,14.86,23.22,10057.52,3300.517
"2021-10-11 22:38:00",770,14.88,23.22,10059.42,3396.648
"2021-10-11 22:39:00",771,14.87,23.22,10058.2,3307.904
"2021-10-11 22:40:00",772,14.87,23.22,10057.28,3306.933
"2021-10-11 22:41:00",773,14.87,23.22,10059.33,3383.996
"2021-10-11 22:42:00",774,14.87,23.22,10058.35,3385.264
"2021-10-11 22:43:00",775,14.86,23.22,10058.41,3384.991
"2021-10-11 22:44:00",776,14.87,23.21,10059.81,3412.889
"2021-10-11 22:45:00",777,14.87,23.21,10058.56,3441.384
"2021-10-11 22:46:00",778,14.87,23.21,10058.47,3484.119
"2021-10-11 22:47:00",779,14.86,23.21,10059.59,3443.261
"2021-10-11 22:48:00",780,14.86,23.21,10059.27,3419.469
"2021-10-11 22:49:00",781,14.87,23.21,10058.63,3518.77
"2021-10-11 22:50:00",782,14.86,23.2,10058.46,3531.389
"2021-10-11 22:51:00",783,14.86,23.2,10058.39,3483.95
"2021-10-11 22:52:00",784,14.87,23.2,10058.78,3469.245
"2021-10-11 22:53:00",785,14.87,23.2,10057.98,3489.056
"2021-10-11 22:54:00",786,14.86,23.19,10059.04,3454.514
"2021-10-11 22:55:00",787,14.87,23.19,10057.99,3463.439
"2021-10-11 22:56:00",788,14.87,23.19,10057.34,3619.668
"2021-10-11 22:57:00",789,14.88,23.19,10059.94,3551.089
"2021-10-11 22:58:00",790,14.86,23.19,10057.93,3560.672
"2021-10-11 22:59:00",791,14.86,23.19,10058.02,3627.775
"2021-10-11 23:00:00",792,14.86,23.19,10059.81,3563.239
"2021-10-11 23:01:00",793,14.87,23.19,10058.68,3599.013
"2021-10-11 23:02:00",794,14.87,23.19,10058.83,3657.067
"2021-10-11 23:03:00",795,14.88,23.19,10059.57,3661.927
"2021-10-11 23:04:00",796,14.87,23.18,10058.66,3647.131
"2021-10-11 23:05:00",797,14.86,23.18,10058.7,3741.541
"2021-10-11 23:06:00",798,14.86,23.19,10058.83,3662.715
"2021-10-11 23:07:00",799,14.87,23.18,10058.71,3667.732
"2021-10-11 23:08:00",800,14.86,23.19,10058.3,3664.337
"2021-10-11 23:09:00",801,14.86,23.19,10058.29,3693.163
"2021-10-11 23:10:00",802,14.87,23.19,10058.6,3669.099
"2021-10-11 23:11:00",803,14.87,23.19,10058.68,3760.6
"2021-10-11 23:12:00",804,14.88,23.19,10057.64,3748.038
"2021-10-11 23:13:00",805,14.88,23.19,10059,3722.594
"2021-10-11 23:14:00",806,14.86,23.2,10058.26,3803.054
"2021-10-11 23:15:00",807,14.87,23.2,10057.8,3775.015
"2021-10-11 23:16:00",808,14.86,23.2,10060.19,3813.406
"2021-10-11 23:17:00",809,14.87,23.2,10059.01,3802.827
"2021-10-11 23:18:00",810,14.87,23.19,10058.29,3775.671
"2021-10-11 23:19:00",811,14.87,23.19,10060.46,3728.355
"2021-10-11 23:20:00",812,14.88,23.19,10058.83,3872.669
"2021-10-11 23:21:00",813,14.87,23.19,10058.44,3824.092
"2021-10-11 23:22:00",814,14.87,23.19,10059.2,3773.858
"2021-10-11 23:23:00",815,14.86,23.19,10057.99,3771.929
"2021-10-11 23:24:00",816,14.86,23.19,10058.57,3771.315
"2021-10-11 23:25:00",817,14.86,23.2,10058.37,3855.406
"2021-10-11 23:26:00",818,14.86,23.2,10058.73,3822.387
"2021-10-11 23:27:00",819,14.86,23.2,10057.87,3736.981
"2021-10-11 23:28:00",820,14.87,23.2,10057.93,3868.105
"2021-10-11 23:29:00",821,14.88,23.2,10059.64,3826.198
"2021-10-11 23:30:00",822,14.87,23.2,10058.16,3918.174
"2021-10-11 23:31:00",823,14.86,23.2,10058.11,3897.711
"2021-10-11 23:32:00",824,14.86,23.21,10059.49,3940.497
"2021-10-11 23:33:00",825,14.86,23.21,10059.16,3888.145
"2021-10-11 23:34:00",826,14.86,23.21,10058.6,3939.488
"2021-10-11 23:35:00",827,14.84,23.21,10059.72,3920.746
"2021-10-11 23:36:00",828,14.86,23.22,10058.69,3891.21
"2021-10-11 23:37:00",829,14.86,23.22,10057.97,3937.606
"2021-10-11 23:38:00",830,14.85,23.22,10059.62,3984.715
"2021-10-11 23:39:00",831,14.86,23.22,10058.07,3957.25
"2021-10-11 23:40:00",832,14.86,23.22,10058,3906.009
"2021-10-11 23:41:00",833,14.87,23.23,10058.62,3957.001
"2021-10-11 23:42:00",834,14.87,23.22,10058.09,3975.526
"2021-10-11 23:43:00",835,14.86,23.23,10058.98,4040.239
"2021-10-11 23:44:00",836,14.86,23.23,10058.03,4009.938
"2021-10-11 23:45:00",837,14.85,23.23,10058.7,3992.127
"2021-10-11 23:46:00",838,14.86,23.23,10058.53,3968.969
"2021-10-11 23:47:00",839,14.86,23.23,10058.08,4074.047
"2021-10-11 23:48:00",840,14.87,23.23,10060.1,4034.284
"2021-10-11 23:49:00",841,14.86,23.23,10059.24,4008.24
"2021-10-11 23:50:00",842,14.86,23.23,10058.18,3983.589
"2021-10-11 23:51:00",843,14.86,23.23,10060.14,3950.424
"2021-10-11 23:52:00",844,14.87,23.23,10059.04,4070.984
"2021-10-11 23:53:00",845,14.86,23.23,10058.49,4067.353
"2021-10-11 23:54:00",846,14.87,23.22,10059.86,4028.148
"2021-10-11 23:55:00",847,14.87,23.22,10058.08,4100.588
"2021-10-11 23:56:00",848,14.86,23.21,10057.9,4085.71
"2021-10-11 23:57:00",849,14.86,23.21,10059.3,4091.044
"2021-10-11 23:58:00",850,14.87,23.2,10058.59,4117.238
"2021-10-11 23:59:00",851,14.87,23.2,10058.08,4115.457
"2021-10-12 00:00:00",852,14.86,23.19,10058.48,4068.981
"2021-10-12 00:01:00",853,14.87,23.19,10058.66,4153.292
"2021-10-12 00:02:00",854,14.87,23.18,10058.53,4136.303
"2021-10-12 00:03:00",855,14.87,23.18,10058.58,4193.204
"2021-10-12 00:04:00",856,14.86,23.18,10059.45,4180.422
"2021-10-12 00:05:00",857,14.87,23.18,10059.57,4192.344
"2021-10-12 00:06:00",858,14.86,23.18,10058.41,4134.619
"2021-10-12 00:07:00",859,14.86,23.18,10060.05,4086.069
"2021-10-12 00:08:00",860,14.87,23.18,10059.19,4093.611
"2021-10-12 00:09:00",861,14.87,23.18,10057.75,4129.921
"2021-10-12 00:10:00",862,14.88,23.18,10060.38,4162.964
"2021-10-12 00:11:00",863,14.88,23.18,10058.1,4258.945
"2021-10-12 00:12:00",864,14.86,23.18,10058.03,4174.499
"2021-10-12 00:13:00",865,14.87,23.18,10059.23,4214.167
"2021-10-12 00:14:00",866,14.86,23.18,10058.2,4194.835
"2021-10-12 00:15:00",867,14.87,23.18,10058.71,4216.573
"2021-10-12 00:16:00",868,14.87,23.18,10058.63,4260.066
"2021-10-12 00:17:00",869,14.87,23.19,10058.71,4227.498
"2021-10-12 00:18:00",870,14.87,23.19,10058.12,4218.64
"2021-10-12 00:19:00",871,14.87,23.19,10058.78,4276.897
"2021-10-12 00:20:00",872,14.87,23.19,10060.11,4272.754
"2021-10-12 00:21:00",873,14.88,23.19,10059.34,4297.751
"2021-10-12 00:22:00",874,14.86,23.19,10058.39,4222.801
"2021-10-12 00:23:00",875,14.86,23.2,10059.81,4289.126
"2021-10-12 00:24:00",876,14.85,23.19,10059.26,4307.163
"2021-10-12 00:25:00",877,14.87,23.19,10057.92,4254.279
"2021-10-12 00:26:00",878,14.88,23.19,10059.72,4368.267
"2021-10-12 00:27:00",879,14.88,23.19,10057.94,4354.371
"2021-10-12 00:28:00",880,14.87,23.19,10057.37,4306.682
"2021-10-12 00:29:00",881,14.87,23.19,10059.95,4327.949
"2021-10-12 00:30:00",882,14.88,23.19,10058.2,4302.328
"2021-10-12 00:31:00",883,14.87,23.19,10057.92,4344.631
"2021-10-12 00:32:00",884,14.87,23.19,10059.35,4354.645
"2021-10-12 00:33:00",885,14.87,23.19,10058.26,4335.429
"2021-10-12 00:34:00",886,14.88,23.18,10058.83,4365.663
"2021-10-12 00:35:00",887,14.88,23.18,10058.88,4391.812
"2021-10-12 00:36:00",888,14.87,23.18,10059.19,4386.789
"2021-10-12 00:37:00",889,14.86,23.18,10059.51,4396.142
"2021-10-12 00:38:00",890,14.87,23.18,10058.45,4404.829
"2021-10-12 00:39:00",891,14.87,23.17,10060.09,4335.211
"2021-10-12 00:40:00",892,14.87,23.17,10059.42,4350.739
"2021-10-12 00:41:00",893,14.87,23.17,10057.51,4386.592
"2021-10-12 00:42:00",894,14.87,23.17,10059.94,4366.034
"2021-10-12 00:43:00",895,14.88,23.17,10058.07,4424.922
"2021-10-12 00:44:00",896,14.86,23.16,10057.9,4327.249
"2021-10-12 00:45:00",897,14.85,23.16,10059.53,4404.729
"2021-10-12 00:46:00",898,14.86,23.16,10058.05,4445.958
"2021-10-12 00:47:00",899,14.86,23.17,10057.97,4456.496
"2021-10-12 00:48:00",900,14.85,23.16,10059.42,4437.947
"2021-10-12 00:49:00",901,14.85,23.16,10058.72,4422.082
"2021-10-12 00:50:00",902,14.86,23.17,10058.4,4399.536
"2021-10-12 00:51:00",903,14.86,23.17,10059.51,4403.239
"2021-10-12 00:52:00",904,14.86,23.17,10059.34,4465.473
"2021-10-12 00:53:00",905,14.85,23.17,10059.33,4382.974
"2021-10-12 00:54:00",906,14.85,23.17,10058.89,4416.171
"2021-10-12 00:55:00",907,14.86,23.17,10059.61,4473.829
"2021-10-12 00:56:00",908,14.87,23.17,10059.45,4463.435
"2021-10-12 00:57:00",909,14.86,23.17,10058.02,4467.277
"2021-10-12 00:58:00",910,14.84,23.17,10059.7,4448.485
"2021-10-12 00:59:00",911,14.86,23.17,10058.52,4526.433
"2021-10-12 01:00:00",912,14.85,23.17,10057.24,4461.232
"2021-10-12 01:01:00",913,14.86,23.17,10060.92,4484.247
"2021-10-12 01:02:00",914,14.87,23.17,10058.11,4527.631
"2021-10-12 01:03:00",915,14.87,23.17,10057.92,4485.048
"2021-10-12 01:04:00",916,14.85,23.17,10059.53,4552.346
"2021-10-12 01:05:00",917,14.86,23.17,10058.02,4463.168
"2021-10-12 01:06:00",918,14.87,23.17,10059.19,4540.91
"2021-10-12 01:07:00",919,14.86,23.17,10059.55,4548.604
"2021-10-12 01:08:00",920,14.86,23.17,10059.14,4492.207
"2021-10-12 01:09:00",921,14.87,23.17,10059.07,4539.995
"2021-10-12 01:10:00",922,14.87,23.17,10058.85,4592.059
"2021-10-12 01:11:00",923,14.87,23.17,10059.79,4545.747
"2021-10-12 01:12:00",924,14.86,23.17,10059.56,4585.518
"2021-10-12 01:13:00",925,14.86,23.17,10057.44,4673.861
"2021-10-12 01:14:00",926,14.85,23.17,10059.15,4571.296
"2021-10-12 01:15:00",927,14.86,23.16,10058.58,4591.776
"2021-10-12 01:16:00",928,14.86,23.16,10057.75,4680.599
"2021-10-12 01:17:00",929,14.86,23.16,10059.72,4597.222
"2021-10-12 01:18:00",930,14.86,23.15,10058.49,4656.37
"2021-10-12 01:19:00",931,14.85,23.15,10057.57,4625.997
"2021-10-12 01:20:00",932,14.86,23.14,10060.1,4656.646
"2021-10-12 01:21:00",933,14.86,23.14,10058.26,4702.165
"2021-10-12 01:22:00",934,14.86,23.14,10058.15,4600.466
"2021-10-12 01:23:00",935,14.86,23.13,10059.41,4697.958
"2021-10-12 01:24:00",936,14.87,23.13,10058.85,4665.712
"2021-10-12 01:25:00",937,14.85,23.13,10059.36,4737.75
"2021-10-12 01:26:00",938,14.86,23.12,10059.13,4676.583
"2021-10-12 01:27:00",939,14.86,23.12,10059.15,4712.629
"2021-10-12 01:28:00",940,14.87,23.12,10059.1,4729.013
"2021-10-12 01:29:00",941,14.86,23.12,10057.87,4686.47
"2021-10-12 01:30:00",942,14.85,23.11,10059.29,4686.872
"2021-10-12 01:31:00",943,14.86,23.11,10058.47,4741.316
"2021-10-12 01:32:00",944,14.87,23.11,10057.29,4709.945
"2021-10-12 01:33:00",945,14.87,23.11,10059.83,4662.173
"2021-10-12 01:34:00",946,14.86,23.11,10058.05,4733.771
"2021-10-12 01:35:00",947,14.86,23.11,10057.68,4659.473
"2021-10-12 01:36:00",948,14.87,23.11,10059.92,4814.506
"2021-10-12 01:37:00",949,14.87,23.11,10058.19,4685.542
"2021-10-12 01:38:00",950,14.86,23.11,10058.37,4736.526
"2021-10-12 01:39:00",951,14.85,23.11,10059.91,4730.925
"2021-10-12 01:40:00",952,14.86,23.1,10059.24,4777.038
"2021-10-12 01:41:00",953,14.85,23.1,10058.99,4693.789
"2021-10-12 01:42:00",954,14.84,23.1,10059.4,4729.729
"2021-10-12 01:43:00",955,14.86,23.11,10059.17,4751.066
"2021-10-12 01:44:00",956,14.86,23.11,10059.02,4835.281
"2021-10-12 01:45:00",957,14.85,23.11,10058.31,4704.167
"2021-10-12 01:46:00",958,14.85,23.11,10058.76,4774.961
"2021-10-12 01:47:00",959,14.86,23.11,10058.8,4811.495
"2021-10-12 01:48:00",960,14.86,23.11,10057.77,4805.058
"2021-10-12 01:49:00",961,14.86,23.11,10059.16,4803.833
"2021-10-12 01:50:00",962,14.86,23.11,10058.32,4826.079
"2021-10-12 01:51:00",963,14.86,23.11,10057.32,4875.674
"2021-10-12 01:52:00",964,14.85,23.11,10060.5,4768.229
"2021-10-12 01:53:00",965,14.86,23.11,10058.46,4748.556
"2021-10-12 01:54:00",966,14.86,23.11,10058.3,4842.48
"2021-10-12 01:55:00",967,14.87,23.11,10060.13,4790.725
"2021-10-12 01:56:00",968,14.87,23.11,10059.04,4817.778
"2021-10-12 01:57:00",969,14.87,23.11,10059.41,4920.286
"2021-10-12 01:58:00",970,14.86,23.1,10059.6,4843.233
"2021-10-12 01:59:00",971,14.87,23.09,10059.06,4781.553
"2021-10-12 02:00:00",972,14.87,23.09,10058.65,4885.154
"2021-10-12 02:01:00",973,14.88,23.09,10058.75,4937.13
"2021-10-12 02:02:00",974,14.87,23.08,10059.15,4833.196
"2021-10-12 02:03:00",975,14.88,23.08,10058.52,4971.728
"2021-10-12 02:04:00",976,14.87,23.07,10058.14,4975.439
"2021-10-12 02:05:00",977,14.87,23.07,10059.34,4941.107
"2021-10-12 02:06:00",978,14.86,23.07,10058.49,4958.068
"2021-10-12 02:07:00",979,14.88,23.07,10057.99,4900.696
"2021-10-12 02:08:00",980,14.86,23.07,10059.63,4830.469
"2021-10-12 02:09:00",981,14.87,23.07,10058.15,4898.624
"2021-10-12 02:10:00",982,14.86,23.07,10057.99,4933.917
"2021-10-12 02:11:00",983,14.86,23.07,10060.56,4852.242
"2021-10-12 02:12:00",984,14.87,23.08,10059.07,4971.857
"2021-10-12 02:13:00",985,14.87,23.08,10058.62,4957.112
"2021-10-12 02:14:00",986,14.88,23.08,10059.82,4924.99
"2021-10-12 02:15:00",987,14.88,23.08,10058.88,4968.13
"2021-10-12 02:16:00",988,14.87,23.08,10058.92,4951.107
"2021-10-12 02:17:00",989,14.87,23.08,10059.03,4928.384
"2021-10-12 02:18:00",990,14.88,23.08,10058.44,4979.164
"2021-10-12 02:19:00",991,14.87,23.09,10058.32,4948.057
"2021-10-12 02:20:00",992,14.87,23.09,10058.16,5019.447
"2021-10-12 02:21:00",993,14.87,23.09,10059.39,4964.599
"2021-10-12 02:22:00",994,14.87,23.09,10058.75,4952.439
"2021-10-12 02:23:00",995,14.87,23.09,10057.73,4986.438
"2021-10-12 02:24:00",996,14.88,23.09,10059.46,5037.143
"2021-10-12 02:25:00",997,14.88,23.09,10058.4,4973.679
"2021-10-12 02:26:00",998,14.88,23.1,10058.13,4974.446
"2021-10-12 02:27:00",999,14.87,23.1,10060.05,5006.518
"2021-10-12 02:28:00",1000,14.87,23.1,10058.98,4976.729
"2021-10-12 02:29:00",1001,14.88,23.1,10058.73,5060.758
"2021-10-12 02:30:00",1002,14.88,23.1,10060.22,5025.488
"2021-10-12 02:31:00",1003,14.87,23.1,10058.96,5077.056
"2021-10-12 02:32:00",1004,14.87,23.09,10058.43,5055.441
"2021-10-12 02:33:00",1005,14.87,23.09,10059.57,5067.991
"2021-10-12 02:34:00",1006,14.86,23.09,10058.24,5022.068
"2021-10-12 02:35:00",1007,14.86,23.09,10058.15,5002.792
"2021-10-12 02:36:00",1008,14.88,23.09,10058.7,5034.917
"2021-10-12 02:37:00",1009,14.87,23.08,10058.79,5044.897
"2021-10-12 02:38:00",1010,14.87,23.08,10058.9,5092.927
"2021-10-12 02:39:00",1011,14.87,23.08,10058.14,5071.336
"2021-10-12 02:40:00",1012,14.86,23.08,10059.38,5037.885
"2021-10-12 02:41:00",1013,14.86,23.08,10058.3,5049.724
"2021-10-12 02:42:00",1014,14.87,23.08,10058.23,5105.776
"2021-10-12 02:43:00",1015,14.87,23.08,10060.6,5102.908
"2021-10-12 02:44:00",1016,14.88,23.09,10059.25,5066.239
"2021-10-12 02:45:00",1017,14.87,23.09,10058.59,5117.565
"2021-10-12 02:46:00",1018,14.88,23.09,10059.78,5116.133
"2021-10-12 02:47:00",1019,14.85,23.09,10059.11,5133.546
"2021-10-12 02:48:00",1020,14.87,23.1,10058.86,5138.123
"2021-10-12 02:49:00",1021,14.86,23.1,10059.68,5101.346
"2021-10-12 02:50:00",1022,14.87,23.1,10057.83,5200.098
"2021-10-12 02:51:00",1023,14.87,23.1,10058.37,5199.373
"2021-10-12 02:52:00",1024,14.87,23.11,10058.96,5120.362
"2021-10-12 02:53:00",1025,14.88,23.11,10058.83,5182.064
"2021-10-12 02:54:00",1026,14.88,23.11,10058.67,5151.57
"2021-10-12 02:55:00",1027,14.87,23.12,10058.29,5192.558
"2021-10-12 02:56:00",1028,14.87,23.12,10058.87,5247.795
"2021-10-12 02:57:00",1029,14.88,23.13,10059.05,5227.856
"2021-10-12 02:58:00",1030,14.87,23.13,10058.91,5136.037
"2021-10-12 02:59:00",1031,14.88,23.13,10059.93,5172.585
"2021-10-12 03:00:00",1032,14.88,23.14,10059.54,5235.575
"2021-10-12 03:01:00",1033,14.88,23.14,10058.19,5205.176
"2021-10-12 03:02:00",1034,14.86,23.14,10060.54,5241.598
"2021-10-12 03:03:00",1035,14.86,23.15,10059.29,5172.854
"2021-10-12 03:04:00",1036,14.87,23.15,10057.99,5181.359
"2021-10-12 03:05:00",1037,14.88,23.16,10060.04,5259.382
"2021-10-12 03:06:00",1038,14.87,23.16,10058.27,5172.054
"2021-10-12 03:07:00",1039,14.87,23.16,10058.51,5193.678
"2021-10-12 03:08:00",1040,14.87,23.17,10059.55,5170.457
"2021-10-12 03:09:00",1041,14.87,23.17,10058.49,5166.532
"2021-10-12 03:10:00",1042,14.87,23.17,10058.47,5210.374
"2021-10-12 03:11:00",1043,14.88,23.18,10058.66,5280.106
"2021-10-12 03:12:00",1044,14.87,23.18,10059.19,5250.332
"2021-10-12 03:13:00",1045,14.87,23.18,10058.42,5210.877
"2021-10-12 03:14:00",1046,14.87,23.18,10058.65,5244.876
"2021-10-12 03:15:00",1047,14.86,23.19,10059.89,5166.208
"2021-10-12 03:16:00",1048,14.87,23.19,10059.24,5253.194
"2021-10-12 03:17:00",1049,14.86,23.19,10058.61,5152.868
"2021-10-12 03:18:00",1050,14.87,23.19,10059.86,5242.954
"2021-10-12 03:19:00",1051,14.87,23.2,10059.52,5237.195
"2021-10-12 03:20:00",1052,14.87,23.2,10058.18,5173.843
"2021-10-12 03:21:00",1053,14.87,23.2,10060.11,5197.384
"2021-10-12 03:22:00",1054,14.87,23.2,10058.35,5284.509
"2021-10-12 03:23:00",1055,14.87,23.2,10057.87,5241.961
"2021-10-12 03:24:00",1056,14.87,23.2,10059.53,5236.566
"2021-10-12 03:25:00",1057,14.86,23.2,10058.61,5172.858
"2021-10-12 03:26:00",1058,14.87,23.2,10058.39,5309.648
"2021-10-12 03:27:00",1059,14.87,23.2,10058.78,5259.497
"2021-10-12 03:28:00",1060,14.87,23.2,10058.29,5328.95
"2021-10-12 03:29:00",1061,14.87,23.2,10059.13,5319.624
"2021-10-12 03:30:00",1062,14.87,23.19,10058.59,5215.428
"2021-10-12 03:31:00",1063,14.87,23.2,10059.8,5300.45
"2021-10-12 03:32:00",1064,14.88,23.19,10059.26,5281.018
"2021-10-12 03:33:00",1065,14.87,23.2,10058.48,5297.24
"2021-10-12 03:34:00",1066,14.87,23.2,10060.57,5305.647
"2021-10-12 03:35:00",1067,14.87,23.2,10059.33,5281.405
"2021-10-12 03:36:00",1068,14.86,23.2,10057.78,5274.032
"2021-10-12 03:37:00",1069,14.87,23.2,10059.73,5278.982
"2021-10-12 03:38:00",1070,14.87,23.2,10058.33,5357.68
"2021-10-12 03:39:00",1071,14.88,23.2,10058.12,5296.118
"2021-10-12 03:40:00",1072,14.86,23.2,10059.87,5297.005
"2021-10-12 03:41:00",1073,14.87,23.21,10057.73,5340.117
"2021-10-12 03:42:00",1074,14.87,23.21,10057.9,5348.769
"2021-10-12 03:43:00",1075,14.86,23.21,10059.36,5343.417
"2021-10-12 03:44:00",1076,14.87,23.21,10058.9,5362.512
"2021-10-12 03:45:00",1077,14.86,23.21,10058.48,5433.459
"2021-10-12 03:46:00",1078,14.86,23.22,10059.02,5373.172
"2021-10-12 03:47:00",1079,14.87,23.22,10059.32,5395.562
"2021-10-12 03:48:00",1080,14.86,23.22,10059.85,5406.085
"2021-10-12 03:49:00",1081,14.87,23.23,10058.89,5308.221
"2021-10-12 03:50:00",1082,14.86,23.23,10059.71,5416.648
"2021-10-12 03:51:00",1083,14.86,23.23,10059.37,5352.081
"2021-10-12 03:52:00",1084,14.87,23.24,10057.64,5375.598
"2021-10-12 03:53:00",1085,14.87,23.24,10060.15,5414.695
"2021-10-12 03:54:00",1086,14.87,23.24,10058.18,5404.761
"2021-10-12 03:55:00",1087,14.86,23.25,10057.65,5352.212
"2021-10-12 03:56:00",1088,14.87,23.25,10059.71,5396.608
"2021-10-12 03:57:00",1089,14.87,23.25,10058.18,5346.507
"2021-10-12 03:58:00",1090,14.88,23.25,10058.12,5353.502
"2021-10-12 03:59:00",1091,14.86,23.25,10059.4,5428.854
"2021-10-12 04:00:00",1092,14.87,23.25,10057.96,5443.88
"2021-10-12 04:01:00",1093,14.86,23.25,10058.69,5419.053
"2021-10-12 04:02:00",1094,14.86,23.25,10059.28,5378.433
"2021-10-12 04:03:00",1095,14.88,23.25,10059.66,5361.308
"2021-10-12 04:04:00",1096,14.86,23.25,10059.2,5381.475
"2021-10-12 04:05:00",1097,14.86,23.24,10058.9,5481.877
"2021-10-12 04:06:00",1098,14.85,23.24,10059.8,5430.213
"2021-10-12 04:07:00",1099,14.86,23.24,10059.34,5468.228
"2021-10-12 04:08:00",1100,14.86,23.24,10057.74,5425.255
"2021-10-12 04:09:00",1101,14.87,23.23,10059.62,5449.167
"2021-10-12 04:10:00",1102,14.86,23.23,10058.54,5462.342
"2021-10-12 04:11:00",1103,14.85,23.22,10057.54,5415.768
"2021-10-12 04:12:00",1104,14.86,23.22,10060.2,5485.254
"2021-10-12 04:13:00",1105,14.87,23.21,10058.14,5385.917
"2021-10-12 04:14:00",1106,14.87,23.21,10057.67,5458.65
"2021-10-12 04:15:00",1107,14.87,23.2,10060.32,5450.141
"2021-10-12 04:16:00",1108,14.86,23.19,10058.31,5450.088
"2021-10-12 04:17:00",1109,14.86,23.19,10058.62,5498.639
"2021-10-12 04:18:00",1110,14.86,23.18,10059.32,5508.114
"2021-10-12 04:19:00",1111,14.87,23.17,10058.97,5585.973
"2021-10-12 04:20:00",1112,14.86,23.16,10060.01,5518.079
"2021-10-12 04:21:00",1113,14.85,23.16,10058.93,5399.072
"2021-10-12 04:22:00",1114,14.86,23.15,10059.42,5453.009
"2021-10-12 04:23:00",1115,14.87,23.14,10059.39,5519.709
"2021-10-12 04:24:00",1116,14.86,23.14,10057.89,5499.708
"2021-10-12 04:25:00",1117,14.87,23.13,10059.78,5536.975
"2021-10-12 04:26:00",1118,14.87,23.13,10058.33,5586.589
"2021-10-12 04:27:00",1119,14.88,23.12,10057.48,5561.438
"2021-10-12 04:28:00",1120,14.88,23.12,10059.2,5533.115
"2021-10-12 04:29:00",1121,14.86,23.12,10058.38,5480.941
"2021-10-12 04:30:00",1122,14.86,23.11,10057.95,5507.075
"2021-10-12 04:31:00",1123,14.87,23.11,10059.25,5511.624
"2021-10-12 04:32:00",1124,14.86,23.11,10057.85,5508.639
"2021-10-12 04:33:00",1125,14.86,23.11,10057.96,5475.618
"2021-10-12 04:34:00",1126,14.87,23.11,10059.58,5520.095
"2021-10-12 04:35:00",1127,14.88,23.11,10059.1,5619.196
"2021-10-12 04:36:00",1128,14.88,23.1,10058.93,5494.284
"2021-10-12 04:37:00",1129,14.87,23.1,10059.36,5585.139
"2021-10-12 04:38:00",1130,14.87,23.11,10059.16,5648.698
"2021-10-12 04:39:00",1131,14.86,23.11,10059.79,5609.064
"2021-10-12 04:40:00",1132,14.86,23.11,10058.26,5607.079
"2021-10-12 04:41:00",1133,14.86,23.11,10059.03,5640.332
"2021-10-12 04:42:00",1134,14.86,23.11,10058.69,5587.501
"2021-10-12 04:43:00",1135,14.86,23.11,10057.55,5605.766
"2021-10-12 04:44:00",1136,14.86,23.11,10059.85,5662.316
"2021-10-12 04:45:00",1137,14.86,23.11,10058.33,5649.262
"2021-10-12 04:46:00",1138,14.86,23.11,10057.22,5619.58
"2021-10-12 04:47:00",1139,14.86,23.11,10060.08,5633.129
"2021-10-12 04:48:00",1140,14.86,23.11,10058.05,5620.09
"2021-10-12 04:49:00",1141,14.86,23.11,10058.78,5564.346
"2021-10-12 04:50:00",1142,14.86,23.11,10059.89,5644.742
"2021-10-12 04:51:00",1143,14.86,23.11,10059.07,5534.115
"2021-10-12 04:52:00",1144,14.86,23.11,10059.06,5625.52
"2021-10-12 04:53:00",1145,14.87,23.11,10059.44,5612.328
"2021-10-12 04:54:00",1146,14.86,23.1,10059.18,5629.957
"2021-10-12 04:55:00",1147,14.87,23.1,10058.82,5723.875
"2021-10-12 04:56:00",1148,14.88,23.1,10058.46,5729.343
"2021-10-12 04:57:00",1149,14.87,23.1,10058.98,5718.488
"2021-10-12 04:58:00",1150,14.87,23.1,10058.49,5705.642
"2021-10-12 04:59:00",1151,14.87,23.1,10058.03,5651.355
"2021-10-12 05:00:00",1152,14.86,23.1,10059.13,5707.955
"2021-10-12 05:01:00",1153,14.87,23.1,10058.7,5787.053
"2021-10-12 05:02:00",1154,14.86,23.1,10057.52,5662.887
"2021-10-12 05:03:00",1155,14.87,23.1,10059.63,5755.425
"2021-10-12 05:04:00",1156,14.88,23.1,10058.17,5762.5
"2021-10-12 05:05:00",1157,14.87,23.1,10058.05,5681.086
"2021-10-12 05:06:00",1158,14.87,23.11,10060.37,5766.426
"2021-10-12 05:07:00",1159,14.86,23.11,10059.02,5795.627
"2021-10-12 05:08:00",1160,14.86,23.11,10058.8,5705.881
"2021-10-12 05:09:00",1161,14.87,23.11,10059.36,5717.406
"2021-10-12 05:10:00",1162,14.88,23.11,10058.66,5795.086
"2021-10-12 05:11:00",1163,14.86,23.1,10059.27,5780.998
"2021-10-12 05:12:00",1164,14.87,23.1,10058.57,5804.271
"2021-10-12 05:13:00",1165,14.87,23.1,10058.75,5818.034
"2021-10-12 05:14:00",1166,14.86,23.09,10057.98,5764.605
"2021-10-12 05:15:00",1167,14.87,23.09,10058.14,5835.552
"2021-10-12 05:16:00",1168,14.87,23.08,10059.84,5837.797
"2021-10-12 05:17:00",1169,14.87,23.08,10058.42,5790.282
"2021-10-12 05:18:00",1170,14.87,23.07,10057.47,5735.861
"2021-10-12 05:19:00",1171,14.86,23.07,10059.64,5836.105
"2021-10-12 05:20:00",1172,14.86,23.06,10058.32,5825.017
"2021-10-12 05:21:00",1173,14.88,23.06,10058.7,5732.958
"2021-10-12 05:22:00",1174,14.87,23.06,10060.06,5860.27
"2021-10-12 05:23:00",1175,14.87,23.05,10058.96,5818.389
"2021-10-12 05:24:00",1176,14.87,23.05,10058.52,5772.345
"2021-10-12 05:25:00",1177,14.87,23.05,10060.1,5784.065
"2021-10-12 05:26:00",1178,14.86,23.05,10059.44,5814.253
"2021-10-12 05:27:00",1179,14.86,23.04,10058.49,5827.936
"2021-10-12 05:28:00",1180,14.86,23.04,10059.14,5887.143
"2021-10-12 05:29:00",1181,14.86,23.05,10058.29,5831.682
"2021-10-12 05:30:00",1182,14.85,23.05,10058.6,5823.398
"2021-10-12 05:31:00",1183,14.86,23.04,10058.59,5769.016
"2021-10-12 05:32:00",1184,14.87,23.04,10058.65,5877.946
"2021-10-12 05:33:00",1185,14.86,23.05,10058.63,5817.324
"2021-10-12 05:34:00",1186,14.86,23.05,10057.79,5802.673
"2021-10-12 05:35:00",1187,14.86,23.05,10059.48,5857.834
"2021-10-12 05:36:00",1188,14.87,23.05,10058.41,5898.671
"2021-10-12 05:37:00",1189,14.86,23.05,10057.94,5748.008
"2021-10-12 05:38:00",1190,14.86,23.05,10060.16,5888.542
"2021-10-12 05:39:00",1191,14.86,23.06,10058.94,5907.622
"2021-10-12 05:40:00",1192,14.85,23.07,10058.63,5907.889
"2021-10-12 05:41:00",1193,14.86,23.07,10059.77,5848.637
"2021-10-12 05:42:00",1194,14.86,23.07,10058.73,5895.663
"2021-10-12 05:43:00",1195,14.85,23.08,10058.49,5885.946
"2021-10-12 05:44:00",1196,14.86,23.08,10059.3,5835.77
"2021-10-12 05:45:00",1197,14.87,23.08,10058.69,5867.615
"2021-10-12 05:46:00",1198,14.88,23.09,10058.13,5905.881
"2021-10-12 05:47:00",1199,14.87,23.09,10058.83,5890.513
"2021-10-12 05:48:00",1200,14.86,23.1,10058.84,5921.18
"2021-10-12 05:49:00",1201,14.87,23.1,10058.48,5831.355
"2021-10-12 05:50:00",1202,14.86,23.1,10058.2,5907.502
"2021-10-12 05:51:00",1203,14.86,23.11,10059.19,5872.037
"2021-10-12 05:52:00",1204,14.87,23.11,10058.66,5914.146
"2021-10-12 05:53:00",1205,14.87,23.11,10058.49,5863.934
"2021-10-12 05:54:00",1206,14.88,23.11,10060.04,5877.6
"2021-10-12 05:55:00",1207,14.87,23.12,10059.18,5919.532
"2021-10-12 05:56:00",1208,14.87,23.12,10057.96,5889.054
"2021-10-12 05:57:00",1209,14.87,23.12,10060.71,5849.967
"2021-10-12 05:58:00",1210,14.87,23.12,10059.03,5943.109
"2021-10-12 05:59:00",1211,14.86,23.13,10058.23,5879.948
"2021-10-12 06:00:00",1212,14.87,23.13,10059.51,5841.129
"2021-10-12 06:01:00",1213,14.86,23.13,10057.84,5974.194
"2021-10-12 06:02:00",1214,14.86,23.13,10058.71,5829.146
"2021-10-12 06:03:00",1215,14.87,23.13,10059.24,5894.879
"2021-10-12 06:04:00",1216,14.87,23.13,10058.43,5862.808
"2021-10-12 06:05:00",1217,14.88,23.13,10058.31,5868.313
"2021-10-12 06:06:00",1218,14.88,23.14,10058.68,5920.729
"2021-10-12 06:07:00",1219,14.87,23.14,10059.3,5877.008
"2021-10-12 06:08:00",1220,14.86,23.14,10058.67,5850.773
"2021-10-12 06:09:00",1221,14.86,23.14,10058.35,5983.773
"2021-10-12 06:10:00",1222,14.88,23.14,10059.51,5949.158
"2021-10-12 06:11:00",1223,14.88,23.15,10059.39,5919.598
"2021-10-12 06:12:00",1224,14.88,23.15,10058.68,5889.932
"2021-10-12 06:13:00",1225,14.88,23.15,10060.02,5857.752
"2021-10-12 06:14:00",1226,14.87,23.15,10059.16,5845.701
"2021-10-12 06:15:00",1227,14.87,23.15,10057.96,5925.25
"2021-10-12 06:16:00",1228,14.87,23.15,10060.01,5968.635
"2021-10-12 06:17:00",1229,14.87,23.15,10058.31,5923.396
"2021-10-12 06:18:00",1230,14.87,23.15,10058.04,5944.546
"2021-10-12 06:19:00",1231,14.88,23.15,10059.46,5954.742
"2021-10-12 06:20:00",1232,14.88,23.15,10058.28,5923.294
"2021-10-12 06:21:00",1233,14.87,23.14,10058.89,5999.75
"2021-10-12 06:22:00",1234,14.87,23.14,10058.82,5858.115
"2021-10-12 06:23:00",1235,14.87,23.14,10058.9,5907.186
"2021-10-12 06:24:00",1236,14.85,23.14,10058.83,6010.063
"2021-10-12 06:25:00",1237,14.86,23.14,10058.67,5921.98
"2021-10-12 06:26:00",1238,14.87,23.13,10059.99,5952.122
"2021-10-12 06:27:00",1239,14.86,23.14,10059.58,5959.019
"2021-10-12 06:28:00",1240,14.87,23.14,10058.04,5984.71
"2021-10-12 06:29:00",1241,14.85,23.14,10060.13,5896.127
"2021-10-12 06:30:00",1242,14.86,23.14,10059.26,5945.205
"2021-10-12 06:31:00",1243,14.86,23.14,10057.9,5927.057
"2021-10-12 06:32:00",1244,14.86,23.14,10060.06,5936.367
"2021-10-12 06:33:00",1245,14.86,23.15,10058.28,5984.568
"2021-10-12 06:34:00",1246,14.86,23.15,10057.73,5949.482
"2021-10-12 06:35:00",1247,14.87,23.15,10059.85,5974.216
"2021-10-12 06:36:00",1248,14.86,23.16,10058.3,5932.786
"2021-10-12 06:37:00",1249,14.86,23.17,10057.93,5902.479
"2021-10-12 06:38:00",1250,14.86,23.17,10059.03,5938.97
"2021-10-12 06:39:00",1251,14.86,23.17,10058.28,5873.464
"2021-10-12 06:40:00",1252,14.86,23.18,10058.65,5963.226
"2021-10-12 06:41:00",1253,14.86,23.18,10059.04,5931.397
"2021-10-12 06:42:00",1254,14.87,23.18,10059.15,5907.258
"2021-10-12 06:43:00",1255,14.87,23.18,10059.59,5912.722
"2021-10-12 06:44:00",1256,14.86,23.18,10058.56,5877.371
"2021-10-12 06:45:00",1257,14.85,23.19,10059.7,5919.018
"2021-10-12 06:46:00",1258,14.87,23.19,10059.04,5852.646
"2021-10-12 06:47:00",1259,14.87,23.19,10057.46,5816.375
"2021-10-12 06:48:00",1260,14.88,23.19,10060.27,5852.491
"2021-10-12 06:49:00",1261,14.88,23.2,10058.29,5820.4
"2021-10-12 06:50:00",1262,14.87,23.2,10057.63,5821.388
"2021-10-12 06:51:00",1263,14.86,23.2,10059.35,5763.206
"2021-10-12 06:52:00",1264,14.87,23.21,10058.03,5757.051
"2021-10-12 06:53:00",1265,14.88,23.21,10058.4,5785.77
"2021-10-12 06:54:00",1266,14.88,23.21,10059.19,5718.176
"2021-10-12 06:55:00",1267,14.87,23.21,10058.23,5676.086
"2021-10-12 06:56:00",1268,14.87,23.21,10057.98,5704.109
"2021-10-12 06:57:00",1269,14.86,23.22,10058.86,5698.913
"2021-10-12 06:58:00",1270,14.87,23.22,10059.61,5700.032
"2021-10-12 06:59:00",1271,14.87,23.22,10059.12,5626.76
"2021-10-12 07:00:00",1272,14.86,23.22,10058.68,5630.812
"2021-10-12 07:01:00",1273,14.86,23.23,10059.55,5607.488
"2021-10-12 07:02:00",1274,14.86,23.23,10059.52,5612.11
"2021-10-12 07:03:00",1275,14.85,23.23,10057.97,5583.6
"2021-10-12 07:04:00",1276,14.86,23.23,10059.6,5589.107
"2021-10-12 07:05:00",1277,14.87,23.24,10058.06,5526.584
"2021-10-12 07:06:00",1278,14.86,23.24,10057.13,5508.205
"2021-10-12 07:07:00",1279,14.86,23.24,10060.33,5411.187
"2021-10-12 07:08:00",1280,14.87,23.24,10058.13,5402.08
"2021-10-12 07:09:00",1281,14.86,23.24,10057.72,5459.664
"2021-10-12 07:10:00",1282,14.86,23.24,10059.77,5293.537
"2021-10-12 07:11:00",1283,14.86,23.25,10058.07,5345.313
"2021-10-12 07:12:00",1284,14.88,23.25,10058.73,5388.281
"2021-10-12 07:13:00",1285,14.87,23.25,10059.45,5264.056
"2021-10-12 07:14:00",1286,14.88,23.25,10058.85,5212.296
"2021-10-12 07:15:00",1287,14.87,23.25,10059.1,5209.807
"2021-10-12 07:16:00",1288,14.88,23.25,10058.87,5179.98
"2021-10-12 07:17:00",1289,14.88,23.26,10059.78,5144.095
"2021-10-12 07:18:00",1290,14.87,23.26,10059.35,5117.452
"2021-10-12 07:19:00",1291,14.87,23.27,10057.66,5067.565
"2021-10-12 07:20:00",1292,14.86,23.27,10059.19,5024.229
"2021-10-12 07:21:00",1293,14.86,23.27,10058.4,5008.686
"2021-10-12 07:22:00",1294,14.87,23.28,10057.49,4907.95
"2021-10-12 07:23:00",1295,14.87,23.29,10059.7,4858.921
"2021-10-12 07:24:00",1296,14.87,23.29,10058.09,4786.44
"2021-10-12 07:25:00",1297,14.87,23.3,10057.69,4810.505
"2021-10-12 07:26:00",1298,14.88,23.3,10059.99,4709.894
"2021-10-12 07:27:00",1299,14.87,23.31,10058.24,4684.951
"2021-10-12 07:28:00",1300,14.87,23.31,10058.37,4657.347
"2021-10-12 07:29:00",1301,14.87,23.32,10059.81,4672.442
"2021-10-12 07:30:00",1302,14.86,23.33,10059.14,4554.515
"2021-10-12 07:31:00",1303,14.87,23.34,10059.07,4434.06
"2021-10-12 07:32:00",1304,14.86,23.34,10059.13,4456.62
"2021-10-12 07:33:00",1305,14.86,23.35,10059.2,4403.461
"2021-10-12 07:34:00",1306,14.86,23.36,10059.4,4371.573
"2021-10-12 07:35:00",1307,14.87,23.38,10058.21,4398.412
"2021-10-12 07:36:00",1308,14.87,23.39,10059.72,4278.983
"2021-10-12 07:37:00",1309,14.86,23.4,10058.64,4209.71
"2021-10-12 07:38:00",1310,14.86,23.42,10057.85,4223.014
"2021-10-12 07:39:00",1311,14.86,23.43,10060.42,4156.348
"2021-10-12 07:40:00",1312,14.86,23.45,10058.7,4074.362
"2021-10-12 07:41:00",1313,14.87,23.46,10057.74,4009.931
"2021-10-12 07:42:00",1314,14.86,23.48,10059.37,3962.235
"2021-10-12 07:43:00",1315,14.88,23.49,10058.11,3853.704
"2021-10-12 07:44:00",1316,14.88,23.51,10058.69,3862.833
"2021-10-12 07:45:00",1317,14.86,23.52,10060.11,3852.683
"2021-10-12 07:46:00",1318,14.86,23.53,10058.62,3693.545
"2021-10-12 07:47:00",1319,14.88,23.55,10059.02,3740.551
"2021-10-12 07:48:00",1320,14.86,23.56,10059.54,3624.362
"2021-10-12 07:49:00",1321,14.87,23.57,10059.32,3598.701
"2021-10-12 07:50:00",1322,14.87,23.59,10059.19,3530.523
"2021-10-12 07:51:00",1323,14.86,23.6,10058.17,3484.722
"2021-10-12 07:52:00",1324,14.86,23.61,10058.53,3427.514
"2021-10-12 07:53:00",1325,14.87,23.62,10058.7,3355.182
"2021-10-12 07:54:00",1326,14.87,23.64,10057.76,3241.127
"2021-10-12 07:55:00",1327,14.87,23.65,10059.32,3189.477
"2021-10-12 07:56:00",1328,14.88,23.67,10058.33,3187.066
"2021-10-12 07:57:00",1329,14.88,23.68,10057.01,3076.124
"2021-10-12 07:58:00",1330,14.86,23.7,10060.2,2928.073
"2021-10-12 07:59:00",1331,14.86,23.72,10058.17,2882.079
"2021-10-12 08:00:00",1332,14.88,23.73,10058.11,2817.331
"2021-10-12 08:01:00",1333,14.88,23.75,10059.72,2716.042
"2021-10-12 08:02:00",1334,14.87,23.77,10058.81,2647.738
"2021-10-12 08:03:00",1335,14.87,23.8,10059.26,2553.165
"2021-10-12 08:04:00",1336,14.87,23.82,10059.56,2499.991
"2021-10-12 08:05:00",1337,14.87,23.84,10058.99,2437.753
"2021-10-12 08:06:00",1338,14.88,23.86,10058.89,2304.88
"2021-10-12 08:07:00",1339,14.88,23.89,10058.56,2202.931
"2021-10-12 08:08:00",1340,14.87,23.91,10058.91,2179.116
"2021-10-12 08:09:00",1341,14.87,23.94,10058.18,2025.655
"2021-10-12 08:10:00",1342,14.87,23.97,10057.78,1968.677
"2021-10-12 08:11:00",1343,14.86,24,10059.1,1922.616
"2021-10-12 08:12:00",1344,14.86,24.03,10058.3,1754.899
"2021-10-12 08:13:00",1345,14.86,24.06,10057.89,1704.254
"2021-10-12 08:14:00",1346,14.87,24.09,10059.33,1656.972
"2021-10-12 08:15:00",1347,14.86,24.12,10058.52,1510.071
"2021-10-12 08:16:00",1348,14.88,24.15,10058,1462.5
"2021-10-12 08:17:00",1349,14.87,24.18,10059.95,1313.98
"2021-10-12 08:18:00",1350,14.87,24.21,10058.91,1256.281
"2021-10-12 08:19:00",1351,14.88,24.24,10058.58,1133.315
"2021-10-12 08:20:00",1352,14.87,24.27,10059.8,1048.194
"2021-10-12 08:21:00",1353,14.87,24.31,10059.03,977.9927
"2021-10-12 08:22:00",1354,14.86,24.34,10058.74,846.5912
"2021-10-12 08:23:00",1355,14.86,24.38,10058.53,800.4243
"2021-10-12 08:24:00",1356,14.87,24.41,10057.98,727.6601
"2021-10-12 08:25:00",1357,14.87,24.45,10058.86,660.8864
"2021-10-12 08:26:00",1358,14.88,24.49,10057.92,604.7073
"2021-10-12 08:27:00",1359,14.86,24.53,10059.14,537.7891
"2021-10-12 08:28:00",1360,14.87,24.57,10057.75,467.8201
"2021-10-12 08:29:00",1361,14.86,24.61,10057.26,470.5818
"2021-10-12 08:30:00",1362,14.87,24.65,10059.91,365.6937
"2021-10-12 08:31:00",1363,14.87,24.69,10058.14,375.4711
"2021-10-12 08:32:00",1364,14.87,24.74,10057.87,380.398
"2021-10-12 08:33:00",1365,14.87,24.78,10059.83,353.6158
"2021-10-12 08:34:00",1366,14.86,24.83,10058.92,344.3203
"2021-10-12 08:35:00",1367,14.86,24.88,10058.86,331.9207
"2021-10-12 08:36:00",1368,14.87,24.93,10059.6,276.5097
"2021-10-12 08:37:00",1369,14.88,24.97,10058.53,290.6498
"2021-10-12 08:38:00",1370,14.88,25.02,10058.6,316.1552
"2021-10-12 08:39:00",1371,14.88,25.07,10059.19,299.4167
"2021-10-12 08:40:00",1372,14.87,25.12,10058.78,263.2698
"2021-10-12 08:41:00",1373,14.86,25.16,10057.94,314.0091
"2021-10-12 08:42:00",1374,14.86,25.21,10058.34,291.7082
"2021-10-12 08:43:00",1375,14.88,25.25,10058.55,279.2822
"2021-10-12 08:44:00",1376,14.87,25.29,10058.65,283.4368
"2021-10-12 08:45:00",1377,14.86,25.32,10057.49,284.1765
"2021-10-12 08:46:00",1378,14.87,25.36,10058.94,261.0342
"2021-10-12 08:47:00",1379,14.87,25.39,10058.15,290.1029
"2021-10-12 08:48:00",1380,14.88,25.43,10057.68,268.567
"2021-10-12 08:49:00",1381,14.88,25.46,10060.04,249.9661
"2021-10-12 08:50:00",1382,14.86,25.49,10058.73,304.9627
"2021-10-12 08:51:00",1383,14.86,25.53,10058.11,276.5752
"2021-10-12 08:52:00",1384,14.86,25.56,10060.06,297.6791
"2021-10-12 08:53:00",1385,14.86,25.59,10058.4,279.6602
"2021-10-12 08:54:00",1386,14.88,25.61,10058.26,296.888
"2021-10-12 08:55:00",1387,14.88,25.64,10058.62,250.0873
"2021-10-12 08:56:00",1388,14.87,25.66,10057.59,283.7712
"2021-10-12 08:57:00",1389,14.87,25.68,10058.55,244.1774
"2021-10-12 08:58:00",1390,14.87,25.71,10058.29,227.048
"2021-10-12 08:59:00",1391,14.87,25.73,10058.48,245.7612
"2021-10-12 09:00:00",1392,14.87,25.76,10057.77,267.4964
"2021-10-12 09:01:00",1393,14.87,25.78,10057.6,259.3297
"2021-10-12 09:02:00",1394,14.87,25.8,10059.57,305.11
"2021-10-12 09:03:00",1395,14.87,25.83,10058.09,235.8331
"2021-10-12 09:04:00",1396,14.86,25.85,10057.97,250.0896
"2021-10-12 09:05:00",1397,14.87,25.88,10059.32,224.7103
"2021-10-12 09:06:00",1398,14.86,25.91,10058.88,232.1233
"2021-10-12 09:07:00",1399,14.86,25.94,10058.53,262.5011
"2021-10-12 09:08:00",1400,14.87,25.97,10059.31,269.3248
"2021-10-12 09:09:00",1401,14.87,25.99,10058.52,256.6057
"2021-10-12 09:10:00",1402,14.88,26.02,10057.82,248.1796
"2021-10-12 09:11:00",1403,14.87,26.04,10059.12,201.7997
"2021-10-12 09:12:00",1404,14.88,26.05,10058.34,251.0601
"2021-10-12 09:13:00",1405,14.86,26.07,10057.79,259.2445
"2021-10-12 09:14:00",1406,14.87,26.08,10058.37,245.4393
"2021-10-12 09:15:00",1407,14.87,26.1,10058.47,210.7999
"2021-10-12 09:16:00",1408,14.87,26.11,10058.53,265.8599
"2021-10-12 09:17:00",1409,14.85,26.12,10057.86,253.8168
"2021-10-12 09:18:00",1410,14.85,26.14,10058.67,224.5517
"2021-10-12 09:19:00",1411,14.87,26.15,10058.52,287.5783
"2021-10-12 09:20:00",1412,14.87,26.16,10057.91,304.7226
"2021-10-12 09:21:00",1413,14.86,26.18,10059.67,234.3299
"2021-10-12 09:22:00",1414,14.86,26.2,10058.7,244.9238
"2021-10-12 09:23:00",1415,14.87,26.22,10057.98,288.9327
"2021-10-12 09:24:00",1416,14.86,26.25,10060.23,252.3444
"2021-10-12 09:25:00",1417,14.86,26.28,10058.54,231.1823
"2021-10-12 09:26:00",1418,14.87,26.32,10058.13,260.0291
"2021-10-12 09:27:00",1419,14.88,26.36,10058.83,262.6201
"2021-10-12 09:28:00",1420,14.86,26.4,10057.68,277.4781
"2021-10-12 09:29:00",1421,14.87,26.45,10058.3,247.345
"2021-10-12 09:30:00",1422,14.86,26.49,10058.28,232.0549
"2021-10-12 09:31:00",1423,14.87,26.54,10058.5,246.6144
"2021-10-12 09:32:00",1424,14.88,26.58,10057.68,267.9637
"2021-10-12 09:33:00",1425,14.86,26.62,10057.81,256.5911
"2021-10-12 09:34:00",1426,14.86,26.65,10059.45,247.8544
"2021-10-12 09:35:00",1427,14.88,26.69,10057.9,280.4313
"2021-10-12 09:36:00",1428,14.88,26.72,10057.67,236.1345
"2021-10-12 09:37:00",1429,14.87,26.75,10059.67,288.0699
"2021-10-12 09:38:00",1430,14.86,26.78,10059.03,288.5768
"2021-10-12 09:39:00",1431,14.86,26.8,10058.22,243.8724
"2021-10-12 09:40:00",1432,14.85,26.82,10059.61,211.8753
"2021-10-12 09:41:00",1433,14.86,26.83,10058.48,269.7804
"2021-10-12 09:42:00",1434,14.87,26.84,10057.76,255.421
"2021-10-12 09:43:00",1435,14.87,26.85,10059.26,268.9422
"2021-10-12 09:44:00",1436,14.86,26.86,10057.97,269.617
"2021-10-12 09:45:00",1437,14.87,26.86,10057.66,266.6385
"2021-10-12 09:46:00",1438,14.88,26.86,10058.49,278.6605
"2021-10-12 09:47:00",1439,14.87,26.86,10058.08,272.4149
"2021-10-12 09:48:00",1440,14.85,26.86,10058.16,207.4809
"2021-10-12 09:49:00",1441,14.86,26.86,10057.89,234.8691
"2021-10-12 09:50:00",1442,14.88,26.87,10058.59,202.7411
"2021-10-12 09:51:00",1443,14.87,26.89,10058.23,240.5845
"2021-10-12 09:52:00",1444,14.87,26.92,10058.26,264.3708
"2021-10-12 09:53:00",1445,14.87,26.95,10059.65,247.0039
"2021-10-12 09:54:00",1446,14.86,27,10058.6,231.1106
"2021-10-12 09:55:00",1447,14.86,27.06,10057.65,193.503
"2021-10-12 09:56:00",1448,14.86,27.14,10060.38,186.4239
"2021-10-12 09:57:00",1449,14.87,27.23,10058.5,222.9907
"2021-10-12 09:58:00",1450,14.88,27.32,10057.96,221.2057
"2021-10-12 09:59:00",1451,14.88,27.43,10058.73,227.7539
"2021-10-12 10:00:00",1452,14.88,27.54,10057.54,240.0908
"2021-10-12 10:01:00",1453,14.88,27.64,10058.26,257.7185
"2021-10-12 10:02:00",1454,14.87,27.75,10058.19,212.2228
"2021-10-12 10:03:00",1455,14.88,27.84,10058.09,229.285
"2021-10-12 10:04:00",1456,14.88,27.93,10057.72,272.8354
"2021-10-12 10:05:00",1457,14.87,28.01,10057.52,185.7421
"2021-10-12 10:06:00",1458,14.88,28.08,10058.92,225.9321
"2021-10-12 10:07:00",1459,14.87,28.14,10057.79,241.0479
"2021-10-12 10:08:00",1460,14.88,28.2,10057.23,228.7805
"2021-10-12 10:09:00",1461,14.88,28.25,10059.46,238.7489
"2021-10-12 10:10:00",1462,14.87,28.3,10058.57,255.8905
"2021-10-12 10:11:00",1463,14.86,28.35,10058.16,218.5827
"2021-10-12 10:12:00",1464,14.86,28.4,10059.53,240.8009
"2021-10-12 10:13:00",1465,14.88,28.44,10058.44,259.7005
"2021-10-12 10:14:00",1466,14.87,28.49,10057.58,266.0174
"2021-10-12 10:15:00",1467,14.88,28.55,10058.97,277.6317
"2021-10-12 10:16:00",1468,14.88,28.61,10057.1,250.442
"2021-10-12 10:17:00",1469,14.87,28.67,10057.24,202.2985
"2021-10-12 10:18:00",1470,14.88,28.73,10058.15,240.5606
"2021-10-12 10:19:00",1471,14.87,28.8,10058.07,225.7283
"2021-10-12 10:20:00",1472,14.88,28.86,10057.72,192.7552
"2021-10-12 10:21:00",1473,14.87,28.92,10057.16,238.1626
"2021-10-12 10:22:00",1474,14.87,28.98,10058.08,239.3985
"2021-10-12 10:23:00",1475,14.87,29.03,10058.05,210.2521
"2021-10-12 10:24:00",1476,14.86,29.07,10058.1,242.6822
"2021-10-12 10:25:00",1477,14.86,29.11,10059.28,243.9277
"2021-10-12 10:26:00",1478,14.86,29.14,10058.42,230.1571
"2021-10-12 10:27:00",1479,14.86,29.17,10057.63,225.3843
"2021-10-12 10:28:00",1480,14.86,29.19,10059.94,194.3152
"2021-10-12 10:29:00",1481,14.86,29.21,10058.33,269.9714
"2021-10-12 10:30:00",1482,14.88,29.22,10057.73,217.0527
"2021-10-12 10:31:00",1483,14.87,29.23,10059.21,212.3322
"2021-10-12 10:32:00",1484,14.87,29.24,10057.46,226.9059
"2021-10-12 10:33:00",1485,14.87,29.25,10057.43,242.7822
"2021-10-12 10:34:00",1486,14.86,29.25,10058.13,236.5654
"2021-10-12 10:35:00",1487,14.88,29.26,10058.04,240.6983
"2021-10-12 10:36:00",1488,14.86,29.27,10057.83,218.1196
"2021-10-12 10:37:00",1489,14.87,29.28,10057.3,214.9045
"2021-10-12 10:38:00",1490,14.88,29.3,10058.89,197.8157
"2021-10-12 10:39:00",1491,14.87,29.32,10057.6,229.5881
"2021-10-12 10:40:00",1492,14.88,29.34,10057.24,246.6426
"2021-10-12 10:41:00",1493,14.88,29.37,10059.58,205.1732
"2021-10-12 10:42:00",1494,14.87,29.39,10058.37,280.9933
"2021-10-12 10:43:00",1495,14.87,29.42,10057.66,258.7016
"2021-10-12 10:44:00",1496,14.87,29.43,10058.82,255.3656
"2021-10-12 10:45:00",1497,14.87,29.45,10058.23,266.9743
"2021-10-12 10:46:00",1498,14.87,29.45,10058.08,205.1447
"2021-10-12 10:47:00",1499,14.88,29.45,10058.63,247.0111
"2021-10-12 10:48:00",1500,14.88,29.45,10057.43,211.5102
"2021-10-12 10:49:00",1501,14.88,29.45,10057.64,236.5485
"2021-10-12 10:50:00",1502,14.88,29.46,10057.89,218.9376
"2021-10-12 10:51:00",1503,14.88,29.46,10058.19,199.2483
"2021-10-12 10:52:00",1504,14.88,29.46,10057.7,207.9238
"2021-10-12 10:53:00",1505,14.88,29.47,10057.26,236.6418
"2021-10-12 10:54:00",1506,14.88,29.47,10058.63,224.5768
"2021-10-12 10:55:00",1507,14.88,29.47,10057.9,233.7025
"2021-10-12 10:56:00",1508,14.86,29.47,10057.98,234.9616
"2021-10-12 10:57:00",1509,14.87,29.46,10059.22,257.766
"2021-10-12 10:58:00",1510,14.88,29.47,10058.49,223.5448
"2021-10-12 10:59:00",1511,14.86,29.47,10057.88,201.8883
"2021-10-12 11:00:00",1512,14.87,29.47,10059.25,254.9883
"2021-10-12 11:01:00",1513,14.87,29.47,10058.19,219.9483
"2021-10-12 11:02:00",1514,14.87,29.48,10057.92,200.8389
"2021-10-12 11:03:00",1515,14.88,29.49,10058.97,245.792
"2021-10-12 11:04:00",1516,14.88,29.51,10058.02,209.652
"2021-10-12 11:05:00",1517,14.88,29.52,10057.46,201.9299
"2021-10-12 11:06:00",1518,14.88,29.54,10057.99,240.7723
"2021-10-12 11:07:00",1519,14.87,29.56,10058.02,258.084
"2021-10-12 11:08:00",1520,14.87,29.58,10058.07,224.4065
"2021-10-12 11:09:00",1521,14.88,29.6,10057.55,211.7366
"2021-10-12 11:10:00",1522,14.88,29.62,10058.54,224.9822
"2021-10-12 11:11:00",1523,14.88,29.64,10057.62,227.2013
"2021-10-12 11:12:00",1524,14.87,29.65,10057.5,202.3342
"2021-10-12 11:13:00",1525,14.88,29.66,10059.94,238.8452
"2021-10-12 11:14:00",1526,14.87,29.68,10058.63,241.0479
"2021-10-12 11:15:00",1527,14.88,29.68,10057.69,281.3112
"2021-10-12 11:16:00",1528,14.88,29.69,10059.77,261.7198
"2021-10-12 11:17:00",1529,14.88,29.7,10058.25,229.7995
"2021-10-12 11:18:00",1530,14.86,29.7,10057.53,264.9374
"2021-10-12 11:19:00",1531,14.86,29.71,10058.67,229.2623
"2021-10-12 11:20:00",1532,14.88,29.72,10057.92,233.6569
"2021-10-12 11:21:00",1533,14.88,29.72,10058.47,287.9405
"2021-10-12 11:22:00",1534,14.88,29.73,10057.93,245.4255
"2021-10-12 11:23:00",1535,14.88,29.74,10058.4,261.4546
"2021-10-12 11:24:00",1536,14.88,29.74,10058.08,260.676
"2021-10-12 11:25:00",1537,14.88,29.75,10057.04,229.3079
"2021-10-12 11:26:00",1538,14.88,29.76,10059.11,188.5529
"2021-10-12 11:27:00",1539,14.88,29.77,10057.92,292.2796
"2021-10-12 11:28:00",1540,14.88,29.77,10057.28,233.5117
"2021-10-12 11:29:00",1541,14.86,29.77,10059.43,192.5177
"2021-10-12 11:30:00",1542,14.88,29.77,10058.59,216.1769
"2021-10-12 11:31:00",1543,14.87,29.77,10058.39,258.8435
"2021-10-12 11:32:00",1544,14.87,29.77,10059.48,211.6752
"2021-10-12 11:33:00",1545,14.88,29.77,10058.2,211.5763
"2021-10-12 11:34:00",1546,14.87,29.78,10058.18,232.7236
"2021-10-12 11:35:00",1547,14.87,29.79,10058.65,274.0107
"2021-10-12 11:36:00",1548,14.88,29.79,10057.76,260.2273
"2021-10-12 11:37:00",1549,14.87,29.8,10057.9,192.3182
"2021-10-12 11:38:00",1550,14.88,29.79,10057.88,204.3369
"2021-10-12 11:39:00",1551,14.88,29.79,10058.49,241.3443
"2021-10-12 11:40:00",1552,14.87,29.78,10057.67,209.4228
"2021-10-12 11:41:00",1553,14.87,29.77,10056.88,272.8729
"2021-10-12 11:42:00",1554,14.86,29.76,10058.75,256.937
"2021-10-12 11:43:00",1555,14.87,29.75,10057.95,219.7366
"2021-10-12 11:44:00",1556,14.88,29.74,10057.92,184.8548
"2021-10-12 11:45:00",1557,14.87,29.73,10059.55,229.9689
"2021-10-12 11:46:00",1558,14.87,29.72,10058.3,252.6121
"2021-10-12 11:47:00",1559,14.87,29.72,10057.69,234.9636
"2021-10-12 11:48:00",1560,14.87,29.73,10059.39,237.4959
"2021-10-12 11:49:00",1561,14.88,29.74,10058.77,177.551
"2021-10-12 11:50:00",1562,14.88,29.75,10057.85,267.6065
"2021-10-12 11:51:00",1563,14.87,29.76,10058.57,189.2457
"2021-10-12 11:52:00",1564,14.87,29.78,10057.69,222.5853
"2021-10-12 11:53:00",1565,14.87,29.8,10058.03,200.1609
"2021-10-12 11:54:00",1566,14.86,29.82,10057.84,237.3796
"2021-10-12 11:55:00",1567,14.87,29.84,10058.32,223.8946
"2021-10-12 11:56:00",1568,14.87,29.87,10058.18,245.7679
"2021-10-12 11:57:00",1569,14.87,29.89,10056.83,222.8884
"2021-10-12 11:58:00",1570,14.86,29.92,10059.26,258.0537
"2021-10-12 11:59:00",1571,14.88,29.94,10057.76,231.4803
"2021-10-12 12:00:00",1572,14.87,29.96,10057.29,227.5896
"2021-10-12 12:01:00",1573,14.87,29.98,10060.31,242.2921
"2021-10-12 12:02:00",1574,14.87,30,10058.5,253.979
"2021-10-12 12:03:00",1575,14.88,30.02,10057.99,228.6183
"2021-10-12 12:04:00",1576,14.88,30.03,10059.1,185.7495
"2021-10-12 12:05:00",1577,14.87,30.05,10057.99,268.5549
"2021-10-12 12:06:00",1578,14.87,30.06,10058.66,229.3475
"2021-10-12 12:07:00",1579,14.88,30.07,10058.22,244.3225
"2021-10-12 12:08:00",1580,14.87,30.08,10057.65,223.6042
"2021-10-12 12:09:00",1581,14.88,30.09,10057.8,235.9754
"2021-10-12 12:10:00",1582,14.88,30.09,10057.5,254.6553
"2021-10-12 12:11:00",1583,14.87,30.1,10040.24,276.9355
"2021-10-12 12:12:00",1584,14.88,30.1,10057.89,222.5506
"2021-10-12 12:13:00",1585,14.88,30.1,10056.84,173.8929
"2021-10-12 12:14:00",1586,14.88,30.11,10059.17,228.2556
"2021-10-12 12:15:00",1587,14.87,30.11,10057.44,234.4364
"2021-10-12 12:16:00",1588,14.88,30.11,10058.02,261.4644
"2021-10-12 12:17:00",1589,14.87,30.11,10059.39,282.2017
"2021-10-12 12:18:00",1590,14.87,30.12,10058.36,180.6162
"2021-10-12 12:19:00",1591,14.87,30.13,10058.26,198.5179
"2021-10-12 12:20:00",1592,14.87,30.14,10059.03,241.4238
"2021-10-12 12:21:00",1593,14.88,30.15,10058.37,246.4466
"2021-10-12 12:22:00",1594,14.87,30.16,10057.95,220.3436
"2021-10-12 12:23:00",1595,14.87,30.18,10058.11,216.2345
"2021-10-12 12:24:00",1596,14.87,30.19,10058.47,201.6368
"2021-10-12 12:25:00",1597,14.87,30.2,10057.62,186.4576
"2021-10-12 12:26:00",1598,14.88,30.22,10057.43,245.5886
"2021-10-12 12:27:00",1599,14.88,30.24,10058.36,211.7223
"2021-10-12 12:28:00",1600,14.87,30.25,10057.98,233.5773
"2021-10-12 12:29:00",1601,14.88,30.26,10057.32,233.0455
"2021-10-12 12:30:00",1602,14.88,30.27,10058.94,257.585
"2021-10-12 12:31:00",1603,14.88,30.28,10057.74,240.5305
"2021-10-12 12:32:00",1604,14.88,30.29,10057.42,233.9603
"2021-10-12 12:33:00",1605,14.88,30.3,10059.78,225.4769
"2021-10-12 12:34:00",1606,14.88,30.3,10058.5,212.8916
"2021-10-12 12:35:00",1607,14.88,30.3,10058.05,218.388
"2021-10-12 12:36:00",1608,14.87,30.3,10059.32,216.658
"2021-10-12 12:37:00",1609,14.87,30.3,10058.1,248.6416
"2021-10-12 12:38:00",1610,14.87,30.29,10058.2,220.4833
"2021-10-12 12:39:00",1611,14.88,30.29,10058.03,244.5449
"2021-10-12 12:40:00",1612,14.88,30.28,10058.01,285.518
"2021-10-12 12:41:00",1613,14.87,30.27,10058.42,227.7071
"2021-10-12 12:42:00",1614,14.88,30.26,10057.64,255.5042
"2021-10-12 12:43:00",1615,14.87,30.25,10058.72,216.9235
"2021-10-12 12:44:00",1616,14.87,30.24,10057.68,215.5094
"2021-10-12 12:45:00",1617,14.86,30.24,10056.75,238.7746
"2021-10-12 12:46:00",1618,14.88,30.23,10059.66,207.2287
"2021-10-12 12:47:00",1619,14.87,30.23,10057.44,234.8466
"2021-10-12 12:48:00",1620,14.87,30.23,10057.55,259.6836
"2021-10-12 12:49:00",1621,14.86,30.23,10059.03,251.7563
"2021-10-12 12:50:00",1622,14.87,30.23,10058.16,233.3666
"2021-10-12 12:51:00",1623,14.88,30.23,10058.47,263.5474
"2021-10-12 12:52:00",1624,14.87,30.23,10058.85,233.8514
"2021-10-12 12:53:00",1625,14.87,30.24,10058.33,235.2629
"2021-10-12 12:54:00",1626,14.87,30.25,10058.4,174.0909
"2021-10-12 12:55:00",1627,14.87,30.26,10057.89,232.0401
"2021-10-12 12:56:00",1628,14.87,30.27,10058.19,198.6324
"2021-10-12 12:57:00",1629,14.86,30.28,10057.7,226.3586
"2021-10-12 12:58:00",1630,14.88,30.3,10057.14,228.5006
"2021-10-12 12:59:00",1631,14.88,30.32,10059.07,217.2062
"2021-10-12 13:00:00",1632,14.87,30.34,10057.76,249.0517
"2021-10-12 13:01:00",1633,14.87,30.36,10056.64,239.8748
"2021-10-12 13:02:00",1634,14.87,30.39,10058.74,261.241
"2021-10-12 13:03:00",1635,14.88,30.41,10057.71,259.7468
"2021-10-12 13:04:00",1636,14.87,30.43,10057.93,223.371
"2021-10-12 13:05:00",1637,14.88,30.45,10059.54,261.5615
"2021-10-12 13:06:00",1638,14.88,30.47,10057.88,189.4395
"2021-10-12 13:07:00",1639,14.87,30.5,10058.21,243.5326
"2021-10-12 13:08:00",1640,14.88,30.52,10058.96,224.0079
"2021-10-12 13:09:00",1641,14.88,30.55,10058.83,196.3237
"2021-10-12 13:10:00",1642,14.88,30.57,10058.55,261.8528
"2021-10-12 13:11:00",1643,14.87,30.58,10057.81,220.7548
"2021-10-12 13:12:00",1644,14.87,30.6,10058.23,226.3088
"2021-10-12 13:13:00",1645,14.88,30.62,10058.19,249.4775
"2021-10-12 13:14:00",1646,14.87,30.63,10057.04,274.9719
"2021-10-12 13:15:00",1647,14.87,30.65,10058.89,267.2614
"2021-10-12 13:16:00",1648,14.87,30.66,10057.74,266.6062
"2021-10-12 13:17:00",1649,14.86,30.67,10056.89,231.3142
"2021-10-12 13:18:00",1650,14.87,30.68,10059.61,243.4477
"2021-10-12 13:19:00",1651,14.88,30.69,10057.5,250.841
"2021-10-12 13:20:00",1652,14.88,30.7,10057.47,226.5841
"2021-10-12 13:21:00",1653,14.88,30.71,10059.4,289.9007
"2021-10-12 13:22:00",1654,14.88,30.72,10058.62,220.7952
"2021-10-12 13:23:00",1655,14.88,30.73,10058.46,239.9149
"2021-10-12 13:24:00",1656,14.87,30.73,10058.44,209.4863
"2021-10-12 13:25:00",1657,14.88,30.74,10058.4,188.3094
"2021-10-12 13:26:00",1658,14.87,30.74,10058.93,250.3598
"2021-10-12 13:27:00",1659,14.86,30.74,10057.59,195.4466
"2021-10-12 13:28:00",1660,14.87,30.74,10058.71,205.0264
"2021-10-12 13:29:00",1661,14.88,30.75,10057.98,199.2616
"2021-10-12 13:30:00",1662,14.88,30.74,10056.7,249.3727
"2021-10-12 13:31:00",1663,14.88,30.74,10059.27,240.8589
"2021-10-12 13:32:00",1664,14.88,30.74,10057.82,232.3732
"2021-10-12 13:33:00",1665,14.88,30.73,10056.55,220.1094
"2021-10-12 13:34:00",1666,14.86,30.73,10059.33,275.6402
"2021-10-12 13:35:00",1667,14.87,30.73,10057.5,248.4318
"2021-10-12 13:36:00",1668,14.87,30.74,10057.6,266.7649
"2021-10-12 13:37:00",1669,14.87,30.75,10058.9,253.9213
"2021-10-12 13:38:00",1670,14.87,30.77,10057.98,240.8798
"2021-10-12 13:39:00",1671,14.87,30.79,10058.96,252.3732
"2021-10-12 13:40:00",1672,14.88,30.8,10058.64,222.718
"2021-10-12 13:41:00",1673,14.87,30.81,10058.67,260.8246
"2021-10-12 13:42:00",1674,14.88,30.82,10058.03,212.965
"2021-10-12 13:43:00",1675,14.87,30.82,10057.34,274.0257
"2021-10-12 13:44:00",1676,14.87,30.84,10058.82,249.4555
"2021-10-12 13:45:00",1677,14.87,30.86,10057.57,227.1423
"2021-10-12 13:46:00",1678,14.87,30.88,10056.67,256.3068
"2021-10-12 13:47:00",1679,14.87,30.9,10059.01,216.609
"2021-10-12 13:48:00",1680,14.88,30.92,10057.31,193.5617
"2021-10-12 13:49:00",1681,14.87,30.94,10056.99,254.4726
"2021-10-12 13:50:00",1682,14.87,30.95,10058.89,251.9583
"2021-10-12 13:51:00",1683,14.87,30.97,10057.2,196.1472
"2021-10-12 13:52:00",1684,14.87,30.98,10057.89,224.3151
"2021-10-12 13:53:00",1685,14.87,31,10058.86,261.8994
"2021-10-12 13:54:00",1686,14.87,31.03,10058.48,271.1521
"2021-10-12 13:55:00",1687,14.88,31.05,10058.25,302.3351
"2021-10-12 13:56:00",1688,14.87,31.07,10058.49,196.7488
"2021-10-12 13:57:00",1689,14.86,31.1,10059.15,234.9248
"2021-10-12 13:58:00",1690,14.87,31.13,10058.89,222.5799
"2021-10-12 13:59:00",1691,14.88,31.17,10056.86,241.3615
"2021-10-12 14:00:00",1692,14.87,31.2,10058.55,264.0281
"2021-10-12 14:01:00",1693,14.88,31.23,10057.73,263.3463
"2021-10-12 14:02:00",1694,14.87,31.26,10056.82,231.8624
"2021-10-12 14:03:00",1695,14.87,31.29,10059.04,226.8406
"2021-10-12 14:04:00",1696,14.88,31.33,10057.6,217.7606
"2021-10-12 14:05:00",1697,14.87,31.36,10056.71,268.0609
"2021-10-12 14:06:00",1698,14.88,31.39,10059.2,209.8521
"2021-10-12 14:07:00",1699,14.88,31.43,10057.56,214.4181
"2021-10-12 14:08:00",1700,14.88,31.47,10057.55,194.102
"2021-10-12 14:09:00",1701,14.87,31.51,10058.83,268.2157
"2021-10-12 14:10:00",1702,14.88,31.54,10058.26,224.844
"2021-10-12 14:11:00",1703,14.88,31.58,10058.68,168.5594
"2021-10-12 14:12:00",1704,14.87,31.62,10058.15,230.9646
"2021-10-12 14:13:00",1705,14.87,31.65,10058.55,230.7368
"2021-10-12 14:14:00",1706,14.87,31.68,10058.78,184.1994
"2021-10-12 14:15:00",1707,14.88,31.71,10057.07,209.9054
"2021-10-12 14:16:00",1708,14.88,31.73,10058.91,216.7477
"2021-10-12 14:17:00",1709,14.88,31.75,10047.22,233.3283
"2021-10-12 14:18:00",1710,14.87,31.78,10056.3,222.7172
"2021-10-12 14:19:00",1711,14.87,31.8,10059.92,257.4829
"2021-10-12 14:20:00",1712,14.88,31.83,10057.29,270.6122
"2021-10-12 14:21:00",1713,14.87,31.87,10057.02,267.5874
"2021-10-12 14:22:00",1714,14.87,31.9,10059.07,247.7942
"2021-10-12 14:23:00",1715,14.87,31.93,10056.97,295.2657
"2021-10-12 14:24:00",1716,14.86,31.97,10057.89,291.1665
"2021-10-12 14:25:00",1717,14.87,32,10058.2,267.6869
"2021-10-12 14:26:00",1718,14.87,32.03,10058.28,226.8764
"2021-10-12 14:27:00",1719,14.87,32.05,10058.75,251.3289
"2021-10-12 14:28:00",1720,14.88,32.08,10057.84,269.331
"2021-10-12 14:29:00",1721,14.87,32.1,10058.99,216.9635
"2021-10-12 14:30:00",1722,14.88,32.06,10058.62,290.2224
"2021-10-12 14:31:00",1723,14.88,31.99,10056.96,251.9255
"2021-10-12 14:32:00",1724,14.87,31.93,10059.7,258.2456
"2021-10-12 14:33:00",1725,14.87,31.88,10057.57,243.1636
"2021-10-12 14:34:00",1726,14.88,31.81,10057.12,280.635
"2021-10-12 14:35:00",1727,14.88,31.73,10058.75,288.9853
