DateTime,Status,Valve,Measurement time,correctvalve_a,logtime_a,wavelength,absorbance,Depth
2020-04-24T18:39:59Z,Ok,2,20/4/24 14:41,2,1587753507,200nm,25.5488,1.6
2020-04-24T19:29:59Z,Ok,2,20/4/24 15:31,2,1587756508,200nm,21.7209,1.6
2020-04-24T21:39:59Z,Ok,2,20/4/24 17:41,2,1587764308,200nm,25.3963,1.6
2020-04-24T23:49:59Z,Ok,2,20/4/24 19:51,2,1587772108,200nm,20.8966,1.6
2020-04-25T01:59:59Z,Ok,2,20/4/24 22:1,2,1587779908,200nm,19.8877,1.6
2020-04-25T14:50:00Z,Ok,2,20/4/25 10:51,2,1587826108,200nm,20.8317,1.6
2020-04-25T17:00:00Z,Ok,2,20/4/25 13:1,2,1587833908,200nm,20.7608,1.6
2020-04-25T19:10:00Z,Ok,2,20/4/25 15:11,2,1587841708,200nm,22.8101,1.6
2020-04-25T21:20:00Z,Ok,2,20/4/25 17:21,2,1587849508,200nm,25.2735,1.6
2020-04-25T23:30:00Z,Ok,2,20/4/25 19:31,2,1587857308,200nm,25.8605,1.6
2020-04-26T01:40:00Z,Ok,2,20/4/25 21:41,2,1587865108,200nm,25.8866,1.6
2020-04-26T03:50:00Z,Ok,2,20/4/25 23:51,2,1587872909,200nm,26.613,1.6
2020-04-27T04:29:59Z,Ok,2,20/4/27 0:31,2,1587961707,200nm,25.3246,1.6
2020-04-27T06:39:59Z,Ok,2,20/4/27 2:41,2,1587969507,200nm,22.9557,1.6
2020-04-27T08:49:59Z,Ok,2,20/4/27 4:51,2,1587977307,200nm,22.0549,1.6
2020-04-27T10:59:59Z,Ok,2,20/4/27 7:1,2,1587985107,200nm,21.2445,1.6
2020-04-27T13:09:59Z,Ok,2,20/4/27 9:11,2,1587992907,200nm,20.7709,1.6
2020-04-27T15:19:59Z,Ok,2,20/4/27 11:21,2,1588000707,200nm,20.5665,1.6
2020-04-27T17:29:59Z,Ok,2,20/4/27 13:31,2,1588008508,200nm,20.1638,1.6
2020-04-27T19:49:59Z,Ok,2,20/4/27 15:51,2,1588016908,200nm,20.4286,1.6
2020-04-27T21:49:59Z,Ok,2,20/4/27 17:51,2,1588024108,200nm,18.9629,1.6
2020-04-27T23:59:59Z,Ok,2,20/4/27 20:1,2,1588031908,200nm,19.444,1.6
2020-04-28T02:09:59Z,Ok,2,20/4/27 22:11,2,1588039708,200nm,19.1844,1.6
2020-04-29T04:29:59Z,Ok,2,20/4/29 0:31,2,1588134507,200nm,20.9664,1.6
2020-04-29T06:39:59Z,Ok,2,20/4/29 2:41,2,1588142307,200nm,19.42,1.6
2020-04-29T08:49:59Z,Ok,2,20/4/29 4:51,2,1588150108,200nm,18.628,1.6
2020-04-29T10:59:59Z,Ok,2,20/4/29 7:1,2,1588157908,200nm,18.5014,1.6
2020-04-29T13:09:59Z,Ok,2,20/4/29 9:11,2,1588165708,200nm,19.0251,1.6
2020-04-29T15:19:59Z,Ok,2,20/4/29 11:21,2,1588173508,200nm,17.9969,1.6
2020-04-29T17:29:59Z,Ok,2,20/4/29 13:31,2,1588181308,200nm,17.9288,1.6
2020-04-29T19:39:59Z,Ok,2,20/4/29 15:41,2,1588189108,200nm,18.5169,1.6
2020-04-29T21:49:59Z,Ok,2,20/4/29 17:51,2,1588196908,200nm,18.2634,1.6
2020-04-29T23:59:59Z,Ok,2,20/4/29 20:1,2,1588204709,200nm,17.9435,1.6
2020-04-30T02:09:59Z,Ok,2,20/4/29 22:11,2,1588212509,200nm,17.7988,1.6
2020-05-01T04:29:59Z,Ok,2,20/5/1 0:31,2,1588307308,200nm,19.6475,1.6
2020-05-01T06:39:59Z,Ok,2,20/5/1 2:41,2,1588315108,200nm,21.6113,1.6
2020-05-01T08:49:59Z,Ok,2,20/5/1 4:51,2,1588322908,200nm,20.3121,1.6
2020-05-01T10:59:59Z,Ok,2,20/5/1 7:1,2,1588330708,200nm,18.1352,1.6
2020-05-01T13:09:59Z,Ok,2,20/5/1 9:11,2,1588338508,200nm,19.1501,1.6
2020-05-01T15:19:59Z,Ok,2,20/5/1 11:21,2,1588346308,200nm,17.6973,1.6
2020-05-01T17:49:59Z,Ok,2,20/5/1 13:51,2,1588355308,200nm,17.7849,1.6
2020-05-01T19:59:59Z,Ok,2,20/5/1 16:1,2,1588363108,200nm,17.5395,1.6
2020-05-01T22:09:59Z,Ok,2,20/5/1 18:11,2,1588370908,200nm,17.6502,1.6
2020-05-02T00:19:59Z,Ok,2,20/5/1 20:21,2,1588378708,200nm,17.3506,1.6
2020-05-02T02:29:59Z,Ok,2,20/5/1 22:31,2,1588386508,200nm,17.7305,1.6
2020-05-03T04:29:59Z,Ok,2,20/5/3 0:31,2,1588480107,200nm,25.3065,1.6
2020-05-03T06:39:59Z,Ok,2,20/5/3 2:41,2,1588487907,200nm,16.7677,1.6
2020-05-03T08:49:59Z,Ok,2,20/5/3 4:51,2,1588495708,200nm,17.5533,1.6
2020-05-03T10:59:59Z,Ok,2,20/5/3 7:1,2,1588503508,200nm,16.9974,1.6
2020-05-03T13:09:59Z,Ok,2,20/5/3 9:11,2,1588511308,200nm,21.0981,1.6
2020-05-03T15:19:59Z,Ok,2,20/5/3 11:21,2,1588519108,200nm,17.7037,1.6
2020-05-03T17:29:59Z,Ok,2,20/5/3 13:31,2,1588526908,200nm,16.9957,1.6
2020-05-03T19:39:59Z,Ok,2,20/5/3 15:41,2,1588534709,200nm,16.9826,1.6
2020-05-03T21:49:59Z,Ok,2,20/5/3 17:51,2,1588542509,200nm,18.0789,1.6
2020-05-03T23:59:59Z,Ok,2,20/5/3 20:1,2,1588550309,200nm,19.258,1.6
2020-05-04T02:09:59Z,Ok,2,20/5/3 22:11,2,1588558110,200nm,18.8825,1.6
2020-05-04T14:49:59Z,Ok,2,20/5/4 10:51,2,1588603708,200nm,21.0933,1.6
2020-05-04T16:59:59Z,Ok,2,20/5/4 13:1,2,1588611508,200nm,19.0492,1.6
2020-05-04T21:14:59Z,Ok,2,20/5/4 17:16,2,1588626808,200nm,11.7545,1.6
2020-05-04T22:19:59Z,Ok,2,20/5/4 18:21,2,1588630708,200nm,11.5227,1.6
2020-05-04T23:24:59Z,Ok,2,20/5/4 19:26,2,1588634608,200nm,10.8322,1.6
2020-05-05T00:29:59Z,Ok,2,20/5/4 20:31,2,1588638508,200nm,11.4531,1.6
2020-05-05T01:34:59Z,Ok,2,20/5/4 21:36,2,1588642408,200nm,10.9056,1.6
2020-05-05T02:39:59Z,Ok,2,20/5/4 22:41,2,1588646308,200nm,11.4655,1.6
2020-05-05T03:44:59Z,Ok,2,20/5/4 23:46,2,1588650208,200nm,11.4081,1.6
2020-05-06T04:14:59Z,Ok,2,20/5/6 0:16,2,1588738407,200nm,12.1491,1.6
2020-05-06T05:19:59Z,Ok,2,20/5/6 1:21,2,1588742307,200nm,11.7931,1.6
2020-05-06T06:24:59Z,Ok,2,20/5/6 2:26,2,1588746207,200nm,11.3491,1.6
2020-05-06T07:29:59Z,Ok,2,20/5/6 3:31,2,1588750107,200nm,11.0106,1.6
2020-05-06T08:34:59Z,Ok,2,20/5/6 4:36,2,1588754007,200nm,11.08,1.6
2020-05-06T09:39:59Z,Ok,2,20/5/6 5:41,2,1588757908,200nm,11.2379,1.6
2020-05-06T10:44:59Z,Ok,2,20/5/6 6:46,2,1588761808,200nm,11.5598,1.6
2020-05-06T11:49:59Z,Ok,2,20/5/6 7:51,2,1588765708,200nm,12.2716,1.6
2020-05-06T12:54:59Z,Ok,2,20/5/6 8:56,2,1588769608,200nm,12.8857,1.6
2020-05-06T13:59:59Z,Ok,2,20/5/6 10:1,2,1588773508,200nm,13.0309,1.6
2020-05-06T15:04:59Z,Ok,2,20/5/6 11:6,2,1588777408,200nm,13.6122,1.6
2020-05-06T16:09:59Z,Ok,2,20/5/6 12:11,2,1588781308,200nm,14.0288,1.6
2020-05-06T17:14:59Z,Ok,2,20/5/6 13:16,2,1588785208,200nm,13.7725,1.6
2020-05-06T18:19:59Z,Ok,2,20/5/6 14:21,2,1588789108,200nm,18.8768,1.6
2020-05-06T19:24:59Z,Ok,2,20/5/6 15:26,2,1588793008,200nm,13.6872,1.6
2020-05-06T20:29:59Z,Ok,2,20/5/6 16:31,2,1588796908,200nm,13.5558,1.6
2020-05-06T21:34:59Z,Ok,2,20/5/6 17:36,2,1588800808,200nm,13.5249,1.6
2020-05-06T22:39:59Z,Ok,2,20/5/6 18:41,2,1588804708,200nm,13.3931,1.6
2020-05-06T23:44:59Z,Ok,2,20/5/6 19:46,2,1588808608,200nm,13.309,1.6
2020-05-07T00:49:59Z,Ok,2,20/5/6 20:51,2,1588812508,200nm,13.1479,1.6
2020-05-07T01:54:59Z,Ok,2,20/5/6 21:56,2,1588816408,200nm,13.0057,1.6
2020-05-07T02:59:59Z,Ok,2,20/5/6 23:1,2,1588820308,200nm,12.9136,1.6
2020-05-08T04:14:59Z,Ok,2,20/5/8 0:16,2,1588911207,200nm,13.7734,1.6
2020-05-08T05:19:59Z,Ok,2,20/5/8 1:21,2,1588915107,200nm,12.7674,1.6
2020-05-08T06:24:59Z,Ok,2,20/5/8 2:26,2,1588919007,200nm,12.7339,1.6
2020-05-08T07:29:59Z,Ok,2,20/5/8 3:31,2,1588922907,200nm,12.604,1.6
2020-05-08T08:34:59Z,Ok,2,20/5/8 4:36,2,1588926807,200nm,12.5134,1.6
2020-05-08T09:39:59Z,Ok,2,20/5/8 5:41,2,1588930708,200nm,12.4885,1.6
2020-05-08T10:44:59Z,Ok,2,20/5/8 6:46,2,1588934608,200nm,12.4035,1.6
2020-05-08T11:49:59Z,Ok,2,20/5/8 7:51,2,1588938508,200nm,12.4471,1.6
2020-05-08T12:54:59Z,Ok,2,20/5/8 8:56,2,1588942408,200nm,12.366,1.6
2020-05-08T13:59:59Z,Ok,2,20/5/8 10:1,2,1588946308,200nm,12.4815,1.6
2020-05-08T15:04:59Z,Ok,2,20/5/8 11:6,2,1588950208,200nm,12.3824,1.6
2020-05-08T16:09:59Z,Ok,2,20/5/8 12:11,2,1588954108,200nm,12.4678,1.6
2020-05-08T17:14:59Z,Ok,2,20/5/8 13:16,2,1588958008,200nm,12.5366,1.6
2020-05-08T18:19:59Z,Ok,2,20/5/8 14:21,2,1588961908,200nm,12.533,1.6
2020-05-08T19:24:59Z,Ok,2,20/5/8 15:26,2,1588965808,200nm,12.4649,1.6
2020-05-08T20:29:59Z,Ok,2,20/5/8 16:31,2,1588969708,200nm,12.4463,1.6
2020-05-08T21:34:59Z,Ok,2,20/5/8 17:36,2,1588973608,200nm,12.4917,1.6
2020-05-08T22:39:59Z,Ok,2,20/5/8 18:41,2,1588977508,200nm,12.477,1.6
2020-05-08T23:44:59Z,Ok,2,20/5/8 19:46,2,1588981408,200nm,12.2737,1.6
2020-05-09T00:49:59Z,Ok,2,20/5/8 20:51,2,1588985308,200nm,12.2342,1.6
2020-05-09T01:54:59Z,Ok,2,20/5/8 21:56,2,1588989208,200nm,12.1707,1.6
2020-05-09T02:59:59Z,Ok,2,20/5/8 23:1,2,1588993108,200nm,12.2763,1.6
2020-05-10T04:14:59Z,Ok,2,20/5/10 0:16,2,1589084007,200nm,12.5259,1.6
2020-05-10T05:19:59Z,Ok,2,20/5/10 1:21,2,1589087907,200nm,12.3305,1.6
2020-05-10T06:24:59Z,Ok,2,20/5/10 2:26,2,1589091807,200nm,12.401,1.6
2020-05-10T07:29:59Z,Ok,2,20/5/10 3:31,2,1589095707,200nm,12.1703,1.6
2020-05-10T08:34:59Z,Ok,2,20/5/10 4:36,2,1589099607,200nm,12.8582,1.6
2020-05-10T09:39:59Z,Ok,2,20/5/10 5:41,2,1589103507,200nm,12.1895,1.6
2020-05-10T10:44:59Z,Ok,2,20/5/10 6:46,2,1589107407,200nm,12.2183,1.6
2020-05-10T11:49:59Z,Ok,2,20/5/10 7:51,2,1589111307,200nm,12.2557,1.6
2020-05-10T12:54:59Z,Ok,2,20/5/10 8:56,2,1589115207,200nm,12.2929,1.6
2020-05-10T13:59:59Z,Ok,2,20/5/10 10:1,2,1589119107,200nm,12.5022,1.6
2020-05-10T15:04:59Z,Ok,2,20/5/10 11:6,2,1589123007,200nm,12.5412,1.6
2020-05-10T16:09:59Z,Ok,2,20/5/10 12:11,2,1589126907,200nm,12.5014,1.6
2020-05-10T17:14:59Z,Ok,2,20/5/10 13:16,2,1589130807,200nm,12.4167,1.6
2020-05-10T18:19:59Z,Ok,2,20/5/10 14:21,2,1589134707,200nm,12.485900000000001,1.6
2020-05-10T19:24:59Z,Ok,2,20/5/10 15:26,2,1589138607,200nm,12.4715,1.6
2020-05-10T20:29:59Z,Ok,2,20/5/10 16:31,2,1589142508,200nm,12.44,1.6
2020-05-10T21:34:59Z,Ok,2,20/5/10 17:36,2,1589146408,200nm,12.3318,1.6
2020-05-10T22:39:59Z,Ok,2,20/5/10 18:41,2,1589150308,200nm,12.2731,1.6
2020-05-10T23:44:59Z,Ok,2,20/5/10 19:46,2,1589154208,200nm,12.181,1.6
2020-05-11T00:49:59Z,Ok,2,20/5/10 20:51,2,1589158108,200nm,12.1817,1.6
2020-05-11T01:54:59Z,Ok,2,20/5/10 21:56,2,1589162008,200nm,12.1106,1.6
2020-05-11T02:59:59Z,Ok,2,20/5/10 23:1,2,1589165908,200nm,12.1856,1.6
2020-05-11T14:24:59Z,Ok,2,20/5/11 10:26,2,1589207008,200nm,12.1253,1.6
2020-05-11T15:29:59Z,Ok,2,20/5/11 11:31,2,1589210908,200nm,12.3073,1.6
2020-05-11T16:34:59Z,Ok,2,20/5/11 12:36,2,1589214808,200nm,12.4462,1.6
2020-05-11T17:39:59Z,Ok,2,20/5/11 13:41,2,1589218708,200nm,12.3102,1.6
2020-05-11T18:44:59Z,Ok,2,20/5/11 14:46,2,1589222608,200nm,12.1651,1.6
2020-05-11T19:49:59Z,Ok,2,20/5/11 15:51,2,1589226508,200nm,12.3241,1.6
2020-05-11T20:54:59Z,Ok,2,20/5/11 16:56,2,1589230408,200nm,12.233,1.6
2020-05-11T21:59:59Z,Ok,2,20/5/11 18:1,2,1589234308,200nm,12.2409,1.6
2020-05-11T23:04:59Z,Ok,2,20/5/11 19:6,2,1589238208,200nm,12.163,1.6
2020-05-12T00:09:59Z,Ok,2,20/5/11 20:11,2,1589242108,200nm,12.1707,1.6
2020-05-12T01:14:59Z,Ok,2,20/5/11 21:16,2,1589246008,200nm,12.1682,1.6
2020-05-12T02:19:59Z,Ok,2,20/5/11 22:21,2,1589249908,200nm,12.2388,1.6
2020-05-12T03:24:59Z,Ok,2,20/5/11 23:26,2,1589253808,200nm,12.2574,1.6
2020-05-13T04:14:59Z,Ok,2,20/5/13 0:16,2,1589343207,200nm,12.3511,1.6
2020-05-13T05:19:59Z,Ok,2,20/5/13 1:21,2,1589347107,200nm,12.4592,1.6
2020-05-13T06:24:59Z,Ok,2,20/5/13 2:26,2,1589351007,200nm,12.4106,1.6
2020-05-13T07:29:59Z,Ok,2,20/5/13 3:31,2,1589354907,200nm,12.2044,1.6
2020-05-13T08:34:59Z,Ok,2,20/5/13 4:36,2,1589358807,200nm,12.1898,1.6
2020-05-13T09:39:59Z,Ok,2,20/5/13 5:41,2,1589362707,200nm,12.2194,1.6
2020-05-13T10:44:59Z,Ok,2,20/5/13 6:46,2,1589366607,200nm,12.2204,1.6
2020-05-13T11:49:59Z,Ok,2,20/5/13 7:51,2,1589370507,200nm,12.2899,1.6
2020-05-13T12:54:59Z,Ok,2,20/5/13 8:56,2,1589374407,200nm,12.2797,1.6
2020-05-13T13:59:59Z,Ok,2,20/5/13 10:1,2,1589378307,200nm,12.2987,1.6
2020-05-13T15:04:59Z,Ok,2,20/5/13 11:6,2,1589382207,200nm,12.2718,1.6
2020-05-13T16:09:59Z,Ok,2,20/5/13 12:11,2,1589386108,200nm,12.3367,1.6
2020-05-13T17:14:59Z,Ok,2,20/5/13 13:16,2,1589390008,200nm,12.4523,1.6
2020-05-13T18:19:59Z,Ok,2,20/5/13 14:21,2,1589393908,200nm,12.4381,1.6
2020-05-13T19:24:59Z,Ok,2,20/5/13 15:26,2,1589397808,200nm,12.35,1.6
2020-05-13T20:29:59Z,Ok,2,20/5/13 16:31,2,1589401708,200nm,12.3584,1.6
2020-05-13T21:34:59Z,Ok,2,20/5/13 17:36,2,1589405608,200nm,12.3545,1.6
2020-05-13T22:39:59Z,Ok,2,20/5/13 18:41,2,1589409508,200nm,12.4159,1.6
2020-05-13T23:44:59Z,Ok,2,20/5/13 19:46,2,1589413408,200nm,12.3853,1.6
2020-05-14T00:49:59Z,Ok,2,20/5/13 20:51,2,1589417308,200nm,12.2732,1.6
2020-05-14T01:54:59Z,Ok,2,20/5/13 21:56,2,1589421208,200nm,12.3466,1.6
2020-05-14T02:59:59Z,Ok,2,20/5/13 23:1,2,1589425108,200nm,12.3319,1.6
2020-05-14T21:02:59Z,Ok,2,20/5/14 17:4,2,1589490088,200nm,12.8926,1.6
2020-05-14T22:33:59Z,Ok,2,20/5/14 18:35,2,1589495548,200nm,12.6539,1.6
2020-05-15T00:04:59Z,Ok,2,20/5/14 20:6,2,1589501008,200nm,12.7091,1.6
2020-05-15T01:35:59Z,Ok,2,20/5/14 21:37,2,1589506468,200nm,12.5998,1.6
2020-05-15T03:06:59Z,Ok,2,20/5/14 23:8,2,1589511928,200nm,12.6777,1.6
2020-05-15T04:20:59Z,Ok,2,20/5/15 0:22,2,1589516367,200nm,12.4015,1.6
2020-05-15T05:51:59Z,Ok,2,20/5/15 1:53,2,1589521827,200nm,12.8896,1.6
2020-05-15T07:22:59Z,Ok,2,20/5/15 3:24,2,1589527288,200nm,12.7576,1.6
2020-05-15T08:53:59Z,Ok,2,20/5/15 4:55,2,1589532748,200nm,12.8685,1.6
2020-05-15T10:24:59Z,Ok,2,20/5/15 6:26,2,1589538208,200nm,12.825,1.6
2020-05-15T11:55:59Z,Ok,2,20/5/15 7:57,2,1589543668,200nm,12.9347,1.6
2020-05-15T13:26:59Z,Ok,2,20/5/15 9:28,2,1589549128,200nm,13.0212,1.6
2020-05-15T14:57:59Z,Ok,2,20/5/15 10:59,2,1589554588,200nm,12.9186,1.6
2020-05-15T16:28:59Z,Ok,2,20/5/15 12:30,2,1589560048,200nm,12.9368,1.6
2020-05-15T17:59:59Z,Ok,2,20/5/15 14:1,2,1589565508,200nm,13.0477,1.6
2020-05-15T19:30:59Z,Ok,2,20/5/15 15:32,2,1589570969,200nm,13.3044,1.6
2020-05-15T21:01:59Z,Ok,2,20/5/15 17:3,2,1589576429,200nm,13.0138,1.6
2020-05-15T22:09:59Z,Ok,2,20/5/15 18:11,2,1589580508,200nm,13.1284,1.6
2020-05-15T22:34:59Z,Ok,2,20/5/15 18:36,2,1589582008,200nm,12.7737,1.6
2020-05-15T23:30:59Z,Ok,2,20/5/15 19:32,2,1589585368,200nm,13.4716,1.6
2020-05-16T00:26:59Z,Ok,2,20/5/15 20:28,2,1589588728,200nm,12.9671,1.6
2020-05-16T01:22:59Z,Ok,2,20/5/15 21:24,2,1589592088,200nm,12.9926,1.6
2020-05-16T02:18:59Z,Ok,2,20/5/15 22:20,2,1589595448,200nm,12.9514,1.6
2020-05-16T03:14:59Z,Ok,2,20/5/15 23:16,2,1589598808,200nm,12.8117,1.6
2020-05-16T04:20:59Z,Ok,2,20/5/16 0:22,2,1589602767,200nm,12.6262,1.6
2020-05-16T05:16:59Z,Ok,2,20/5/16 1:18,2,1589606127,200nm,12.8295,1.6
2020-05-16T06:12:59Z,Ok,2,20/5/16 2:14,2,1589609488,200nm,12.7854,1.6
2020-05-16T07:08:59Z,Ok,2,20/5/16 3:10,2,1589612848,200nm,12.8196,1.6
2020-05-16T08:04:59Z,Ok,2,20/5/16 4:6,2,1589616208,200nm,12.579,1.6
2020-05-16T09:00:59Z,Ok,2,20/5/16 5:2,2,1589619568,200nm,12.7485,1.6
2020-05-16T09:56:59Z,Ok,2,20/5/16 5:58,2,1589622928,200nm,12.7523,1.6
2020-05-16T10:52:59Z,Ok,2,20/5/16 6:54,2,1589626288,200nm,12.717,1.6
2020-05-16T11:48:59Z,Ok,2,20/5/16 7:50,2,1589629648,200nm,12.8593,1.6
2020-05-16T12:44:59Z,Ok,2,20/5/16 8:46,2,1589633008,200nm,12.8415,1.6
2020-05-16T13:40:59Z,Ok,2,20/5/16 9:42,2,1589636368,200nm,12.8595,1.6
2020-05-16T14:36:59Z,Ok,2,20/5/16 10:38,2,1589639728,200nm,12.8793,1.6
2020-05-16T15:32:59Z,Ok,2,20/5/16 11:34,2,1589643088,200nm,12.9107,1.6
2020-05-16T16:28:59Z,Ok,2,20/5/16 12:30,2,1589646448,200nm,12.8086,1.6
2020-05-16T17:24:59Z,Ok,2,20/5/16 13:26,2,1589649809,200nm,12.8795,1.6
2020-05-16T18:20:59Z,Ok,2,20/5/16 14:22,2,1589653169,200nm,12.772,1.6
2020-05-16T19:16:59Z,Ok,2,20/5/16 15:18,2,1589656529,200nm,12.9567,1.6
2020-05-16T20:12:59Z,Ok,2,20/5/16 16:14,2,1589659889,200nm,12.7518,1.6
2020-05-17T04:20:59Z,Ok,2,20/5/17 0:22,2,1589689167,200nm,12.5577,1.6
2020-05-17T05:16:59Z,Ok,2,20/5/17 1:18,2,1589692527,200nm,13.0894,1.6
2020-05-17T06:12:59Z,Ok,2,20/5/17 2:14,2,1589695888,200nm,13.1263,1.6
2020-05-17T07:08:59Z,Ok,2,20/5/17 3:10,2,1589699248,200nm,12.9813,1.6
2020-05-17T08:04:59Z,Ok,2,20/5/17 4:6,2,1589702608,200nm,12.8207,1.6
2020-05-17T09:00:59Z,Ok,2,20/5/17 5:2,2,1589705968,200nm,12.8738,1.6
2020-05-17T09:56:59Z,Ok,2,20/5/17 5:58,2,1589709328,200nm,12.9762,1.6
2020-05-17T10:52:59Z,Ok,2,20/5/17 6:54,2,1589712688,200nm,12.9622,1.6
2020-05-17T11:48:59Z,Ok,2,20/5/17 7:50,2,1589716048,200nm,12.8623,1.6
2020-05-17T12:44:59Z,Ok,2,20/5/17 8:46,2,1589719408,200nm,12.8152,1.6
2020-05-17T13:40:59Z,Ok,2,20/5/17 9:42,2,1589722768,200nm,12.9032,1.6
2020-05-17T14:36:59Z,Ok,2,20/5/17 10:38,2,1589726128,200nm,12.9445,1.6
2020-05-17T15:32:59Z,Ok,2,20/5/17 11:34,2,1589729489,200nm,12.8423,1.6
2020-05-17T16:28:59Z,Ok,2,20/5/17 12:30,2,1589732849,200nm,12.9507,1.6
2020-05-17T17:24:59Z,Ok,2,20/5/17 13:26,2,1589736209,200nm,13.0286,1.6
2020-05-17T18:20:59Z,Ok,2,20/5/17 14:22,2,1589739569,200nm,13.0598,1.6
2020-05-17T19:16:59Z,Ok,2,20/5/17 15:18,2,1589742929,200nm,12.9394,1.6
2020-05-17T20:12:59Z,Ok,2,20/5/17 16:14,2,1589746289,200nm,13.0748,1.6
2020-05-18T04:20:59Z,Ok,2,20/5/18 0:22,2,1589775567,200nm,12.5466,1.6
2020-05-18T05:16:59Z,Ok,2,20/5/18 1:18,2,1589778927,200nm,12.8672,1.6
2020-05-18T06:12:59Z,Ok,2,20/5/18 2:14,2,1589782288,200nm,13.0132,1.6
2020-05-18T07:08:59Z,Ok,2,20/5/18 3:10,2,1589785648,200nm,12.8044,1.6
2020-05-18T08:04:59Z,Ok,2,20/5/18 4:6,2,1589789008,200nm,12.9991,1.6
2020-05-18T09:00:59Z,Ok,2,20/5/18 5:2,2,1589792368,200nm,12.9285,1.6
2020-05-18T09:56:59Z,Ok,2,20/5/18 5:58,2,1589795728,200nm,12.8725,1.6
2020-05-18T10:52:59Z,Ok,2,20/5/18 6:54,2,1589799088,200nm,12.769,1.6
2020-05-18T11:48:59Z,Ok,2,20/5/18 7:50,2,1589802448,200nm,12.984,1.6
2020-05-18T12:44:59Z,Ok,2,20/5/18 8:46,2,1589805808,200nm,12.9978,1.6
2020-05-18T14:41:59Z,Ok,2,20/5/18 10:43,2,1589812827,200nm,12.8282,1.6
2020-05-18T15:37:59Z,Ok,2,20/5/18 11:39,2,1589816187,200nm,13.1726,1.6
2020-05-18T16:33:59Z,Ok,2,20/5/18 12:35,2,1589819547,200nm,12.9344,1.6
2020-05-18T17:29:59Z,Ok,2,20/5/18 13:31,2,1589822908,200nm,13.0478,1.6
2020-05-18T18:25:59Z,Ok,2,20/5/18 14:27,2,1589826268,200nm,12.9786,1.6
2020-05-18T19:21:59Z,Ok,2,20/5/18 15:23,2,1589829628,200nm,13.0308,1.6
2020-05-18T20:17:59Z,Ok,2,20/5/18 16:19,2,1589832988,200nm,13.1803,1.6
2020-05-18T21:13:59Z,Ok,2,20/5/18 17:15,2,1589836348,200nm,13.1352,1.6
2020-05-18T22:09:59Z,Ok,2,20/5/18 18:11,2,1589839708,200nm,13.0763,1.6
2020-05-18T23:05:59Z,Ok,2,20/5/18 19:7,2,1589843068,200nm,13.1627,1.6
2020-05-19T00:01:59Z,Ok,2,20/5/18 20:3,2,1589846428,200nm,13.2224,1.6
2020-05-19T00:57:59Z,Ok,2,20/5/18 20:59,2,1589849788,200nm,13.1563,1.6
2020-05-19T01:53:59Z,Ok,2,20/5/18 21:55,2,1589853148,200nm,13.09,1.6
2020-05-19T02:49:59Z,Ok,2,20/5/18 22:51,2,1589856508,200nm,13.2594,1.6
2020-05-19T03:45:59Z,Ok,2,20/5/18 23:47,2,1589859868,200nm,13.1275,1.6
2020-05-20T04:20:59Z,Ok,2,20/5/20 0:22,2,1589948367,200nm,13.1769,1.6
2020-05-20T05:16:59Z,Ok,2,20/5/20 1:18,2,1589951727,200nm,13.5409,1.6
2020-05-20T06:12:59Z,Ok,2,20/5/20 2:14,2,1589955087,200nm,13.2338,1.6
2020-05-20T07:08:59Z,Ok,2,20/5/20 3:10,2,1589958447,200nm,13.0624,1.6
2020-05-20T08:04:59Z,Ok,2,20/5/20 4:6,2,1589961807,200nm,13.1385,1.6
2020-05-20T09:00:59Z,Ok,2,20/5/20 5:2,2,1589965167,200nm,13.0699,1.6
2020-05-20T09:56:59Z,Ok,2,20/5/20 5:58,2,1589968527,200nm,12.9976,1.6
2020-05-20T10:52:59Z,Ok,2,20/5/20 6:54,2,1589971887,200nm,13.3263,1.6
2020-05-20T11:48:59Z,Ok,2,20/5/20 7:50,2,1589975247,200nm,13.057,1.6
2020-05-20T12:44:59Z,Ok,2,20/5/20 8:46,2,1589978607,200nm,12.9911,1.6
2020-05-20T13:40:59Z,Ok,2,20/5/20 9:42,2,1589981967,200nm,13.2334,1.6
2020-05-20T14:36:59Z,Ok,2,20/5/20 10:38,2,1589985327,200nm,13.3432,1.6
2020-05-20T15:32:59Z,Ok,2,20/5/20 11:34,2,1589988687,200nm,13.39,1.6
2020-05-20T16:28:59Z,Ok,2,20/5/20 12:30,2,1589992047,200nm,13.5096,1.6
2020-05-20T17:24:59Z,Ok,2,20/5/20 13:26,2,1589995407,200nm,14.6681,1.6
2020-05-20T18:20:59Z,Ok,2,20/5/20 14:22,2,1589998767,200nm,15.0409,1.6
2020-05-20T19:16:59Z,Ok,2,20/5/20 15:18,2,1590002128,200nm,14.515,1.6
2020-05-20T20:12:59Z,Ok,2,20/5/20 16:14,2,1590005488,200nm,13.5784,1.6
2020-05-21T04:20:59Z,Ok,2,20/5/21 0:22,2,1590034767,200nm,13.8737,1.6
2020-05-21T05:16:59Z,Ok,2,20/5/21 1:18,2,1590038127,200nm,14.2628,1.6
2020-05-21T06:12:59Z,Ok,2,20/5/21 2:14,2,1590041487,200nm,14.2839,1.6
2020-05-21T07:08:59Z,Ok,2,20/5/21 3:10,2,1590044847,200nm,14.1869,1.6
2020-05-21T08:04:59Z,Ok,2,20/5/21 4:6,2,1590048207,200nm,14.2654,1.6
2020-05-21T09:00:59Z,Ok,2,20/5/21 5:2,2,1590051567,200nm,14.2547,1.6
2020-05-21T09:56:59Z,Ok,2,20/5/21 5:58,2,1590054927,200nm,14.4994,1.6
2020-05-21T10:52:59Z,Ok,2,20/5/21 6:54,2,1590058287,200nm,14.363,1.6
2020-05-21T11:48:59Z,Ok,2,20/5/21 7:50,2,1590061647,200nm,14.4155,1.6
2020-05-21T12:44:59Z,Ok,2,20/5/21 8:46,2,1590065007,200nm,14.3321,1.6
2020-05-21T13:40:59Z,Ok,2,20/5/21 9:42,2,1590068368,200nm,14.7442,1.6
2020-05-21T14:36:59Z,Ok,2,20/5/21 10:38,2,1590071728,200nm,14.475,1.6
2020-05-21T15:32:59Z,Ok,2,20/5/21 11:34,2,1590075088,200nm,14.7505,1.6
2020-05-21T16:28:59Z,Ok,2,20/5/21 12:30,2,1590078448,200nm,15.0947,1.6
2020-05-21T17:24:59Z,Ok,2,20/5/21 13:26,2,1590081808,200nm,14.8941,1.6
2020-05-21T18:20:59Z,Ok,2,20/5/21 14:22,2,1590085168,200nm,14.8719,1.6
2020-05-21T19:16:59Z,Ok,2,20/5/21 15:18,2,1590088528,200nm,14.9635,1.6
2020-05-21T20:12:59Z,Ok,2,20/5/21 16:14,2,1590091888,200nm,14.9702,1.6
2020-05-22T04:20:59Z,Ok,2,20/5/22 0:22,2,1590121167,200nm,15.6547,1.6
2020-05-22T05:16:59Z,Ok,2,20/5/22 1:18,2,1590124527,200nm,16.1085,1.6
2020-05-22T06:12:59Z,Ok,2,20/5/22 2:14,2,1590127887,200nm,16.5626,1.6
2020-05-22T07:08:59Z,Ok,2,20/5/22 3:10,2,1590131248,200nm,16.2149,1.6
2020-05-22T08:04:59Z,Ok,2,20/5/22 4:6,2,1590134608,200nm,16.1012,1.6
2020-05-22T09:00:59Z,Ok,2,20/5/22 5:2,2,1590137968,200nm,15.8923,1.6
2020-05-22T09:56:59Z,Ok,2,20/5/22 5:58,2,1590141328,200nm,17.4743,1.6
2020-05-22T10:52:59Z,Ok,2,20/5/22 6:54,2,1590144688,200nm,17.0214,1.6
2020-05-22T11:48:59Z,Ok,2,20/5/22 7:50,2,1590148048,200nm,17.1009,1.6
2020-05-22T12:44:59Z,Ok,2,20/5/22 8:46,2,1590151408,200nm,16.6543,1.6
2020-05-22T13:40:59Z,Ok,2,20/5/22 9:42,2,1590154768,200nm,16.4449,1.6
2020-05-22T14:36:59Z,Ok,2,20/5/22 10:38,2,1590158128,200nm,16.1391,1.6
2020-05-22T15:32:59Z,Ok,2,20/5/22 11:34,2,1590161488,200nm,16.3788,1.6
2020-05-22T16:28:59Z,Ok,2,20/5/22 12:30,2,1590164848,200nm,16.5037,1.6
2020-05-22T17:24:59Z,Ok,2,20/5/22 13:26,2,1590168208,200nm,16.0864,1.6
2020-05-22T18:20:59Z,Ok,2,20/5/22 14:22,2,1590171568,200nm,16.353,1.6
2020-05-22T19:16:59Z,Ok,2,20/5/22 15:18,2,1590174928,200nm,17.2858,1.6
2020-05-22T20:12:59Z,Ok,2,20/5/22 16:14,2,1590178288,200nm,18.6324,1.6
2020-05-23T04:20:59Z,Ok,2,20/5/23 0:22,2,1590207567,200nm,15.8837,1.6
2020-05-23T05:16:59Z,Ok,2,20/5/23 1:18,2,1590210927,200nm,16.417,1.6
2020-05-23T06:12:59Z,Ok,2,20/5/23 2:14,2,1590214287,200nm,16.2626,1.6
2020-05-23T07:08:59Z,Ok,2,20/5/23 3:10,2,1590217648,200nm,16.208,1.6
2020-05-23T08:04:59Z,Ok,2,20/5/23 4:6,2,1590221008,200nm,16.3642,1.6
2020-05-23T09:00:59Z,Ok,2,20/5/23 5:2,2,1590224368,200nm,16.5629,1.6
2020-05-23T09:56:59Z,Ok,2,20/5/23 5:58,2,1590227728,200nm,17.0957,1.6
2020-05-23T10:52:59Z,Ok,2,20/5/23 6:54,2,1590231088,200nm,16.4139,1.6
2020-05-23T11:48:59Z,Ok,2,20/5/23 7:50,2,1590234448,200nm,17.1243,1.6
2020-05-23T12:44:59Z,Ok,2,20/5/23 8:46,2,1590237808,200nm,16.7131,1.6
2020-05-23T13:40:59Z,Ok,2,20/5/23 9:42,2,1590241168,200nm,16.4876,1.6
2020-05-23T14:36:59Z,Ok,2,20/5/23 10:38,2,1590244528,200nm,16.5976,1.6
2020-05-23T15:32:59Z,Ok,2,20/5/23 11:34,2,1590247888,200nm,16.458,1.6
2020-05-23T16:28:59Z,Ok,2,20/5/23 12:30,2,1590251248,200nm,16.3748,1.6
2020-05-23T17:24:59Z,Ok,2,20/5/23 13:26,2,1590254608,200nm,16.9549,1.6
2020-05-23T18:20:59Z,Ok,2,20/5/23 14:22,2,1590257968,200nm,17.9005,1.6
2020-05-23T19:16:59Z,Ok,2,20/5/23 15:18,2,1590261329,200nm,18.1377,1.6
2020-05-23T20:12:59Z,Ok,2,20/5/23 16:14,2,1590264689,200nm,17.945,1.6
2020-05-24T04:20:59Z,Ok,2,20/5/24 0:22,2,1590293967,200nm,16.5264,1.6
2020-05-24T05:16:59Z,Ok,2,20/5/24 1:18,2,1590297327,200nm,16.8946,1.6
2020-05-24T06:12:59Z,Ok,2,20/5/24 2:14,2,1590300688,200nm,17.0289,1.6
2020-05-24T07:08:59Z,Ok,2,20/5/24 3:10,2,1590304048,200nm,16.9957,1.6
2020-05-24T08:04:59Z,Ok,2,20/5/24 4:6,2,1590307408,200nm,17.3788,1.6
2020-05-24T09:00:59Z,Ok,2,20/5/24 5:2,2,1590310768,200nm,17.0566,1.6
2020-05-24T09:56:59Z,Ok,2,20/5/24 5:58,2,1590314128,200nm,17.4038,1.6
2020-05-24T10:52:59Z,Ok,2,20/5/24 6:54,2,1590317488,200nm,17.292,1.6
2020-05-24T11:48:59Z,Ok,2,20/5/24 7:50,2,1590320848,200nm,17.2604,1.6
2020-05-24T12:44:59Z,Ok,2,20/5/24 8:46,2,1590324208,200nm,18.7018,1.6
2020-05-24T13:40:59Z,Ok,2,20/5/24 9:42,2,1590327568,200nm,21.4455,1.6
2020-05-24T14:36:59Z,Ok,2,20/5/24 10:38,2,1590330928,200nm,18.2262,1.6
2020-05-24T15:32:59Z,Ok,2,20/5/24 11:34,2,1590334288,200nm,17.1949,1.6
2020-05-24T16:28:59Z,Ok,2,20/5/24 12:30,2,1590337648,200nm,17.8043,1.6
2020-05-24T17:24:59Z,Ok,2,20/5/24 13:26,2,1590341009,200nm,17.5626,1.6
2020-05-24T18:20:59Z,Ok,2,20/5/24 14:22,2,1590344369,200nm,17.5112,1.6
2020-05-24T19:16:59Z,Ok,2,20/5/24 15:18,2,1590347729,200nm,18.0525,1.6
2020-05-24T20:12:59Z,Ok,2,20/5/24 16:14,2,1590351089,200nm,18.0732,1.6
2020-05-25T04:20:59Z,Ok,2,20/5/25 0:22,2,1590380367,200nm,17.4217,1.6
2020-05-25T05:16:59Z,Ok,2,20/5/25 1:18,2,1590383727,200nm,17.721800000000002,1.6
2020-05-25T06:12:59Z,Ok,2,20/5/25 2:14,2,1590387088,200nm,17.835,1.6
2020-05-25T07:08:59Z,Ok,2,20/5/25 3:10,2,1590390448,200nm,17.846800000000002,1.6
2020-05-25T08:04:59Z,Ok,2,20/5/25 4:6,2,1590393808,200nm,17.885,1.6
2020-05-25T09:00:59Z,Ok,2,20/5/25 5:2,2,1590397168,200nm,17.9638,1.6
2020-05-25T09:56:59Z,Ok,2,20/5/25 5:58,2,1590400528,200nm,18.3973,1.6
2020-05-25T10:52:59Z,Ok,2,20/5/25 6:54,2,1590403888,200nm,18.4717,1.6
2020-05-25T11:48:59Z,Ok,2,20/5/25 7:50,2,1590407248,200nm,18.59,1.6
2020-05-25T12:44:59Z,Ok,2,20/5/25 8:46,2,1590410608,200nm,18.5822,1.6
2020-05-25T13:48:59Z,Ok,2,20/5/25 9:50,2,1590414447,200nm,18.4155,1.6
2020-05-25T14:44:59Z,Ok,2,20/5/25 10:46,2,1590417807,200nm,18.6861,1.6
2020-05-25T15:40:59Z,Ok,2,20/5/25 11:42,2,1590421167,200nm,19.9036,1.6
2020-05-25T16:36:59Z,Ok,2,20/5/25 12:38,2,1590424527,200nm,18.8926,1.6
2020-05-25T17:32:59Z,Ok,2,20/5/25 13:34,2,1590427887,200nm,18.871,1.6
2020-05-25T18:28:59Z,Ok,2,20/5/25 14:30,2,1590431247,200nm,18.8744,1.6
2020-05-25T19:27:59Z,Ok,2,20/5/25 15:29,2,1590434787,200nm,19.0832,1.6
2020-05-25T20:58:59Z,Ok,2,20/5/25 17:0,2,1590440248,200nm,19.0571,1.6
2020-05-25T22:29:59Z,Ok,2,20/5/25 18:31,2,1590445708,200nm,19.3894,1.6
2020-05-26T00:00:59Z,Ok,2,20/5/25 20:2,2,1590451168,200nm,18.1283,1.6
2020-05-26T01:31:59Z,Ok,2,20/5/25 21:33,2,1590456628,200nm,18.4572,1.6
2020-05-26T03:02:59Z,Ok,2,20/5/25 23:4,2,1590462088,200nm,18.3341,1.6
2020-05-26T04:20:59Z,Ok,2,20/5/26 0:22,2,1590466768,200nm,18.5893,1.6
2020-05-26T05:51:59Z,Ok,2,20/5/26 1:53,2,1590472228,200nm,18.6223,1.6
2020-05-26T07:22:59Z,Ok,2,20/5/26 3:24,2,1590477688,200nm,18.5298,1.6
2020-05-26T08:53:59Z,Ok,2,20/5/26 4:55,2,1590483148,200nm,18.5107,1.6
2020-05-26T10:24:59Z,Ok,2,20/5/26 6:26,2,1590488608,200nm,18.5686,1.6
2020-05-26T11:55:59Z,Ok,2,20/5/26 7:57,2,1590494068,200nm,18.5837,1.6
2020-05-26T13:26:59Z,Ok,2,20/5/26 9:28,2,1590499528,200nm,18.6226,1.6
2020-05-26T14:57:59Z,Ok,2,20/5/26 10:59,2,1590504989,200nm,18.4309,1.6
2020-05-26T16:28:59Z,Ok,2,20/5/26 12:30,2,1590510449,200nm,18.8028,1.6
2020-05-26T17:59:59Z,Ok,2,20/5/26 14:1,2,1590515909,200nm,18.9126,1.6
2020-05-26T19:30:59Z,Ok,2,20/5/26 15:32,2,1590521369,200nm,18.9058,1.6
2020-05-26T21:01:59Z,Ok,2,20/5/26 17:3,2,1590526829,200nm,18.8081,1.6
2020-05-26T22:32:59Z,Ok,2,20/5/26 18:34,2,1590532290,200nm,18.6124,1.6
2020-05-27T00:03:59Z,Ok,2,20/5/26 20:5,2,1590537750,200nm,18.5943,1.6
2020-05-27T01:34:59Z,Ok,2,20/5/26 21:36,2,1590543210,200nm,18.5862,1.6
2020-05-27T03:05:59Z,Ok,2,20/5/26 23:7,2,1590548670,200nm,18.7456,1.6
2020-05-27T04:20:59Z,Ok,2,20/5/27 0:22,2,1590553167,200nm,19.0236,1.6
2020-05-27T05:51:59Z,Ok,2,20/5/27 1:53,2,1590558628,200nm,18.9953,1.6
2020-05-27T07:22:59Z,Ok,2,20/5/27 3:24,2,1590564088,200nm,18.8235,1.6
2020-05-27T08:53:59Z,Ok,2,20/5/27 4:55,2,1590569548,200nm,18.91,1.6
2020-05-27T10:24:59Z,Ok,2,20/5/27 6:26,2,1590575008,200nm,18.627,1.6
2020-05-27T11:55:59Z,Ok,2,20/5/27 7:57,2,1590580468,200nm,18.9757,1.6
2020-05-27T13:26:59Z,Ok,2,20/5/27 9:28,2,1590585928,200nm,19.0869,1.6
2020-05-27T14:57:59Z,Ok,2,20/5/27 10:59,2,1590591388,200nm,19.0662,1.6
2020-05-27T16:28:59Z,Ok,2,20/5/27 12:30,2,1590596848,200nm,19.3007,1.6
2020-05-27T17:59:59Z,Ok,2,20/5/27 14:1,2,1590602309,200nm,19.0888,1.6
2020-05-27T19:30:59Z,Ok,2,20/5/27 15:32,2,1590607769,200nm,19.2409,1.6
2020-05-27T21:01:59Z,Ok,2,20/5/27 17:3,2,1590613229,200nm,19.0781,1.6
2020-05-27T22:32:59Z,Ok,2,20/5/27 18:34,2,1590618689,200nm,19.2613,1.6
2020-05-28T00:03:59Z,Ok,2,20/5/27 20:5,2,1590624149,200nm,19.3357,1.6
2020-05-28T01:34:59Z,Ok,2,20/5/27 21:36,2,1590629609,200nm,18.8452,1.6
2020-05-28T03:05:59Z,Ok,2,20/5/27 23:7,2,1590635070,200nm,17.4052,1.6
2020-05-28T04:20:59Z,Ok,2,20/5/28 0:22,2,1590639567,200nm,19.609,1.6
2020-05-28T05:51:59Z,Ok,2,20/5/28 1:53,2,1590645027,200nm,20.2675,1.6
2020-05-28T07:22:59Z,Ok,2,20/5/28 3:24,2,1590650488,200nm,20.9798,1.6
2020-05-28T08:53:59Z,Ok,2,20/5/28 4:55,2,1590655948,200nm,19.7499,1.6
2020-05-28T10:24:59Z,Ok,2,20/5/28 6:26,2,1590661408,200nm,19.5321,1.6
2020-05-28T11:55:59Z,Ok,2,20/5/28 7:57,2,1590666868,200nm,19.4448,1.6
2020-05-28T13:26:59Z,Ok,2,20/5/28 9:28,2,1590672328,200nm,19.5472,1.6
2020-05-28T14:57:59Z,Ok,2,20/5/28 10:59,2,1590677788,200nm,19.7985,1.6
2020-05-28T16:28:59Z,Ok,2,20/5/28 12:30,2,1590683248,200nm,19.8326,1.6
2020-05-28T17:59:59Z,Ok,2,20/5/28 14:1,2,1590688709,200nm,19.9388,1.6
2020-05-28T19:30:59Z,Ok,2,20/5/28 15:32,2,1590694169,200nm,19.9239,1.6
2020-05-28T21:01:59Z,Ok,2,20/5/28 17:3,2,1590699629,200nm,19.4549,1.6
2020-05-28T22:32:59Z,Ok,2,20/5/28 18:34,2,1590705089,200nm,19.4248,1.6
2020-05-29T00:03:59Z,Ok,2,20/5/28 20:5,2,1590710549,200nm,19.4531,1.6
2020-05-29T01:34:59Z,Ok,2,20/5/28 21:36,2,1590716010,200nm,19.7246,1.6
2020-05-29T03:05:59Z,Ok,2,20/5/28 23:7,2,1590721470,200nm,19.8277,1.6
2020-05-29T04:20:59Z,Ok,2,20/5/29 0:22,2,1590725967,200nm,20.2903,1.6
2020-05-29T05:51:59Z,Ok,2,20/5/29 1:53,2,1590731428,200nm,20.347,1.6
2020-05-29T07:22:59Z,Ok,2,20/5/29 3:24,2,1590736888,200nm,20.3923,1.6
2020-05-29T08:53:59Z,Ok,2,20/5/29 4:55,2,1590742348,200nm,19.7565,1.6
2020-05-29T10:24:59Z,Ok,2,20/5/29 6:26,2,1590747808,200nm,19.977,1.6
2020-05-29T11:55:59Z,Ok,2,20/5/29 7:57,2,1590753268,200nm,20.1176,1.6
2020-05-29T13:26:59Z,Ok,2,20/5/29 9:28,2,1590758728,200nm,21.758,1.6
2020-05-29T14:57:59Z,Ok,2,20/5/29 10:59,2,1590764189,200nm,20.5734,1.6
2020-05-29T16:28:59Z,Ok,2,20/5/29 12:30,2,1590769649,200nm,19.8624,1.6
2020-05-29T17:59:59Z,Ok,2,20/5/29 14:1,2,1590775109,200nm,19.998,1.6
2020-05-29T19:30:59Z,Ok,2,20/5/29 15:32,2,1590780569,200nm,20.3863,1.6
2020-05-29T21:01:59Z,Ok,2,20/5/29 17:3,2,1590786029,200nm,20.3395,1.6
2020-05-29T22:32:59Z,Ok,2,20/5/29 18:34,2,1590791490,200nm,20.2399,1.6
2020-05-30T00:03:59Z,Ok,2,20/5/29 20:5,2,1590796950,200nm,20.2279,1.6
2020-05-30T01:34:59Z,Ok,2,20/5/29 21:36,2,1590802410,200nm,20.5375,1.6
2020-05-30T03:05:59Z,Ok,2,20/5/29 23:7,2,1590807870,200nm,20.5034,1.6
2020-05-30T04:20:59Z,Ok,2,20/5/30 0:22,2,1590812367,200nm,20.7629,1.6
2020-05-30T05:51:59Z,Ok,2,20/5/30 1:53,2,1590817828,200nm,20.7273,1.6
2020-05-30T07:22:59Z,Ok,2,20/5/30 3:24,2,1590823288,200nm,21.0072,1.6
2020-05-30T08:53:59Z,Ok,2,20/5/30 4:55,2,1590828748,200nm,20.8521,1.6
2020-05-30T10:24:59Z,Ok,2,20/5/30 6:26,2,1590834208,200nm,20.6874,1.6
2020-05-30T11:55:59Z,Ok,2,20/5/30 7:57,2,1590839668,200nm,20.716,1.6
2020-05-30T13:26:59Z,Ok,2,20/5/30 9:28,2,1590845128,200nm,20.5851,1.6
2020-05-30T14:57:59Z,Ok,2,20/5/30 10:59,2,1590850588,200nm,20.6502,1.6
2020-05-30T16:28:59Z,Ok,2,20/5/30 12:30,2,1590856049,200nm,20.8146,1.6
2020-05-30T17:59:59Z,Ok,2,20/5/30 14:1,2,1590861509,200nm,20.9689,1.6
2020-05-30T19:30:59Z,Ok,2,20/5/30 15:32,2,1590866969,200nm,22.0769,1.6
2020-05-30T21:01:59Z,Ok,2,20/5/30 17:3,2,1590872429,200nm,20.69,1.6
2020-05-30T22:32:59Z,Ok,2,20/5/30 18:34,2,1590877889,200nm,20.9943,1.6
2020-05-31T00:03:59Z,Ok,2,20/5/30 20:5,2,1590883350,200nm,20.7884,1.6
2020-05-31T01:34:59Z,Ok,2,20/5/30 21:36,2,1590888810,200nm,20.9372,1.6
2020-05-31T03:05:59Z,Ok,2,20/5/30 23:7,2,1590894270,200nm,20.9047,1.6
2020-05-31T04:20:59Z,Ok,2,20/5/31 0:22,2,1590898767,200nm,21.5486,1.6
2020-05-31T05:51:59Z,Ok,2,20/5/31 1:53,2,1590904228,200nm,21.369,1.6
2020-05-31T07:22:59Z,Ok,2,20/5/31 3:24,2,1590909688,200nm,21.3129,1.6
2020-05-31T08:53:59Z,Ok,2,20/5/31 4:55,2,1590915148,200nm,21.2933,1.6
2020-05-31T10:24:59Z,Ok,2,20/5/31 6:26,2,1590920608,200nm,21.4672,1.6
2020-05-31T11:55:59Z,Ok,2,20/5/31 7:57,2,1590926068,200nm,21.5191,1.6
2020-05-31T13:26:59Z,Ok,2,20/5/31 9:28,2,1590931528,200nm,21.6651,1.6
2020-05-31T14:57:59Z,Ok,2,20/5/31 10:59,2,1590936988,200nm,21.5846,1.6
2020-05-31T16:28:59Z,Ok,2,20/5/31 12:30,2,1590942448,200nm,21.5049,1.6
2020-05-31T17:59:59Z,Ok,2,20/5/31 14:1,2,1590947908,200nm,22.0261,1.6
2020-05-31T19:30:59Z,Ok,2,20/5/31 15:32,2,1590953369,200nm,21.8169,1.6
2020-05-31T21:01:59Z,Ok,2,20/5/31 17:3,2,1590958829,200nm,21.5652,1.6
2020-05-31T22:32:59Z,Ok,2,20/5/31 18:34,2,1590964289,200nm,21.0172,1.6
2020-06-01T00:03:59Z,Ok,2,20/5/31 20:5,2,1590969749,200nm,21.2427,1.6
2020-06-01T01:34:59Z,Ok,2,20/5/31 21:36,2,1590975209,200nm,21.5712,1.6
2020-06-01T03:05:59Z,Ok,2,20/5/31 23:7,2,1590980670,200nm,21.5471,1.6
2020-06-01T04:20:59Z,Ok,2,20/6/1 0:22,2,1590985168,200nm,21.3619,1.6
2020-06-01T05:51:59Z,Ok,2,20/6/1 1:53,2,1590990628,200nm,25.8245,1.6
2020-06-01T07:22:59Z,Ok,2,20/6/1 3:24,2,1590996088,200nm,21.7898,1.6
2020-06-01T08:53:59Z,Ok,2,20/6/1 4:55,2,1591001548,200nm,21.9114,1.6
2020-06-01T10:24:59Z,Ok,2,20/6/1 6:26,2,1591007008,200nm,21.8918,1.6
2020-06-01T11:55:59Z,Ok,2,20/6/1 7:57,2,1591012468,200nm,21.8691,1.6
2020-06-01T13:26:59Z,Ok,2,20/6/1 9:28,2,1591017928,200nm,22.0332,1.6
2020-06-01T14:57:59Z,Ok,2,20/6/1 10:59,2,1591023388,200nm,23.0593,1.6
2020-06-01T16:28:59Z,Ok,2,20/6/1 12:30,2,1591028848,200nm,22.1447,1.6
2020-06-01T17:59:59Z,Ok,2,20/6/1 14:1,2,1591034308,200nm,21.6368,1.6
2020-06-01T19:30:59Z,Ok,2,20/6/1 15:32,2,1591039768,200nm,21.7646,1.6
2020-06-01T21:01:59Z,Ok,2,20/6/1 17:3,2,1591045229,200nm,21.3554,1.6
2020-06-01T22:32:59Z,Ok,2,20/6/1 18:34,2,1591050689,200nm,21.2331,1.6
2020-06-02T00:03:59Z,Ok,2,20/6/1 20:5,2,1591056149,200nm,20.8378,1.6
2020-06-02T01:34:59Z,Ok,2,20/6/1 21:36,2,1591061609,200nm,21.1284,1.6
2020-06-02T03:05:59Z,Ok,2,20/6/1 23:7,2,1591067069,200nm,20.9425,1.6
2020-06-02T04:20:59Z,Ok,2,20/6/2 0:22,2,1591071567,200nm,21.7533,1.6
2020-06-02T05:51:59Z,Ok,2,20/6/2 1:53,2,1591077027,200nm,22.033,1.6
2020-06-02T07:22:59Z,Ok,2,20/6/2 3:24,2,1591082488,200nm,22.0955,1.6
2020-06-02T08:53:59Z,Ok,2,20/6/2 4:55,2,1591087948,200nm,22.0533,1.6
2020-06-02T10:24:59Z,Ok,2,20/6/2 6:26,2,1591093408,200nm,21.8043,1.6
2020-06-02T11:55:59Z,Ok,2,20/6/2 7:57,2,1591098868,200nm,22.0537,1.6
2020-06-02T13:26:59Z,Ok,2,20/6/2 9:28,2,1591104328,200nm,21.7702,1.6
2020-06-02T14:57:59Z,Ok,2,20/6/2 10:59,2,1591109788,200nm,21.9748,1.6
2020-06-02T16:28:59Z,Ok,2,20/6/2 12:30,2,1591115248,200nm,21.5752,1.6
2020-06-02T17:59:59Z,Ok,2,20/6/2 14:1,2,1591120709,200nm,21.3555,1.6
2020-06-02T19:30:59Z,Ok,2,20/6/2 15:32,2,1591126169,200nm,21.4198,1.6
2020-06-02T21:01:59Z,Ok,2,20/6/2 17:3,2,1591131629,200nm,21.0247,1.6
2020-06-02T22:32:59Z,Ok,2,20/6/2 18:34,2,1591137089,200nm,21.5148,1.6
2020-06-03T00:03:59Z,Ok,2,20/6/2 20:5,2,1591142550,200nm,21.642,1.6
2020-06-03T01:34:59Z,Ok,2,20/6/2 21:36,2,1591148010,200nm,21.4764,1.6
2020-06-03T03:05:59Z,Ok,2,20/6/2 23:7,2,1591153470,200nm,21.3986,1.6
2020-06-03T04:20:59Z,Ok,2,20/6/3 0:22,2,1591157967,200nm,22.5708,1.6
2020-06-03T05:51:59Z,Ok,2,20/6/3 1:53,2,1591163428,200nm,22.3968,1.6
2020-06-03T07:22:59Z,Ok,2,20/6/3 3:24,2,1591168888,200nm,25.4532,1.6
2020-06-03T08:53:59Z,Ok,2,20/6/3 4:55,2,1591174348,200nm,21.8201,1.6
2020-06-03T10:24:59Z,Ok,2,20/6/3 6:26,2,1591179808,200nm,21.9248,1.6
2020-06-03T11:55:59Z,Ok,2,20/6/3 7:57,2,1591185268,200nm,22.4527,1.6
2020-06-03T13:26:59Z,Ok,2,20/6/3 9:28,2,1591190728,200nm,21.9296,1.6
2020-06-03T14:27:59Z,Ok,2,20/6/3 10:29,2,1591194387,200nm,23.0224,1.6
2020-06-03T15:58:59Z,Ok,2,20/6/3 12:0,2,1591199848,200nm,24.5839,1.6
2020-06-03T17:29:59Z,Ok,2,20/6/3 13:31,2,1591205308,200nm,22.5883,1.6
2020-06-03T19:00:59Z,Ok,2,20/6/3 15:2,2,1591210768,200nm,24.1957,1.6
2020-06-03T20:31:59Z,Ok,2,20/6/3 16:33,2,1591216228,200nm,22.3047,1.6
2020-06-03T22:02:59Z,Ok,2,20/6/3 18:4,2,1591221689,200nm,22.5073,1.6
2020-06-03T23:33:59Z,Ok,2,20/6/3 19:35,2,1591227149,200nm,22.7236,1.6
2020-06-04T01:04:59Z,Ok,2,20/6/3 21:6,2,1591232609,200nm,22.4117,1.6
2020-06-04T02:35:59Z,Ok,2,20/6/3 22:37,2,1591238069,200nm,22.7158,1.6
2020-06-04T15:09:59Z,Ok,2,20/6/4 11:11,2,1591283307,200nm,23.0586,1.6
2020-06-04T16:40:59Z,Ok,2,20/6/4 12:42,2,1591288767,200nm,22.5606,1.6
2020-06-04T18:11:59Z,Ok,2,20/6/4 14:13,2,1591294228,200nm,22.3477,1.6
2020-06-04T19:42:59Z,Ok,2,20/6/4 15:44,2,1591299688,200nm,22.7601,1.6
2020-06-04T21:13:59Z,Ok,2,20/6/4 17:15,2,1591305148,200nm,22.0244,1.6
2020-06-04T22:44:59Z,Ok,2,20/6/4 18:46,2,1591310608,200nm,22.3559,1.6
2020-06-05T00:15:59Z,Ok,2,20/6/4 20:17,2,1591316069,200nm,22.6013,1.6
2020-06-05T01:46:59Z,Ok,2,20/6/4 21:48,2,1591321529,200nm,22.7987,1.6
2020-06-05T03:17:59Z,Ok,2,20/6/4 23:19,2,1591326989,200nm,22.7037,1.6
2020-06-06T04:20:59Z,Ok,2,20/6/6 0:22,2,1591417167,200nm,22.7258,1.6
2020-06-06T05:51:59Z,Ok,2,20/6/6 1:53,2,1591422628,200nm,22.2051,1.6
2020-06-06T07:22:59Z,Ok,2,20/6/6 3:24,2,1591428088,200nm,22.2614,1.6
2020-06-06T08:53:59Z,Ok,2,20/6/6 4:55,2,1591433548,200nm,27.2352,1.6
2020-06-06T10:24:59Z,Ok,2,20/6/6 6:26,2,1591439008,200nm,22.9761,1.6
2020-06-06T11:55:59Z,Ok,2,20/6/6 7:57,2,1591444468,200nm,23.6988,1.6
2020-06-06T13:26:59Z,Ok,2,20/6/6 9:28,2,1591449928,200nm,23.1367,1.6
2020-06-06T14:57:59Z,Ok,2,20/6/6 10:59,2,1591455389,200nm,22.8525,1.6
2020-06-06T16:28:59Z,Ok,2,20/6/6 12:30,2,1591460849,200nm,22.4175,1.6
2020-06-06T17:59:59Z,Ok,2,20/6/6 14:1,2,1591466309,200nm,22.5474,1.6
2020-06-06T19:30:59Z,Ok,2,20/6/6 15:32,2,1591471769,200nm,22.145,1.6
2020-06-06T21:01:59Z,Ok,2,20/6/6 17:3,2,1591477230,200nm,21.9131,1.6
2020-06-06T22:32:59Z,Ok,2,20/6/6 18:34,2,1591482690,200nm,21.4593,1.6
2020-06-07T00:03:59Z,Ok,2,20/6/6 20:5,2,1591488150,200nm,21.7698,1.6
2020-06-07T01:34:59Z,Ok,2,20/6/6 21:36,2,1591493610,200nm,21.5896,1.6
2020-06-07T03:05:59Z,Ok,2,20/6/6 23:7,2,1591499071,200nm,21.8479,1.6
2020-06-07T04:20:59Z,Ok,2,20/6/7 0:22,2,1591503567,200nm,22.5461,1.6
2020-06-07T05:51:59Z,Ok,2,20/6/7 1:53,2,1591509028,200nm,23.0652,1.6
2020-06-07T07:22:59Z,Ok,2,20/6/7 3:24,2,1591514488,200nm,23.2827,1.6
2020-06-07T08:53:59Z,Ok,2,20/6/7 4:55,2,1591519948,200nm,23.0817,1.6
2020-06-07T10:24:59Z,Ok,2,20/6/7 6:26,2,1591525408,200nm,22.9072,1.6
2020-06-07T11:55:59Z,Ok,2,20/6/7 7:57,2,1591530868,200nm,22.8457,1.6
2020-06-07T13:26:59Z,Ok,2,20/6/7 9:28,2,1591536328,200nm,22.7887,1.6
2020-06-07T14:57:59Z,Ok,2,20/6/7 10:59,2,1591541788,200nm,22.4044,1.6
2020-06-07T16:28:59Z,Ok,2,20/6/7 12:30,2,1591547249,200nm,22.1872,1.6
2020-06-07T17:59:59Z,Ok,2,20/6/7 14:1,2,1591552709,200nm,22.723,1.6
2020-06-07T19:30:59Z,Ok,2,20/6/7 15:32,2,1591558169,200nm,22.0337,1.6
2020-06-07T21:01:59Z,Ok,2,20/6/7 17:3,2,1591563630,200nm,22.1152,1.6
2020-06-07T22:32:59Z,Ok,2,20/6/7 18:34,2,1591569090,200nm,21.2027,1.6
2020-06-08T00:03:59Z,Ok,2,20/6/7 20:5,2,1591574550,200nm,21.0083,1.6
2020-06-08T01:34:59Z,Ok,2,20/6/7 21:36,2,1591580010,200nm,20.9202,1.6
2020-06-08T03:05:59Z,Ok,2,20/6/7 23:7,2,1591585471,200nm,21.3541,1.6
2020-06-08T04:20:59Z,Ok,2,20/6/8 0:22,2,1591589967,200nm,21.7726,1.6
2020-06-08T05:51:59Z,Ok,2,20/6/8 1:53,2,1591595427,200nm,22.0772,1.6
2020-06-08T07:22:59Z,Ok,2,20/6/8 3:24,2,1591600888,200nm,22.2312,1.6
2020-06-08T08:53:59Z,Ok,2,20/6/8 4:55,2,1591606348,200nm,22.2761,1.6
2020-06-08T10:24:59Z,Ok,2,20/6/8 6:26,2,1591611808,200nm,22.1479,1.6
2020-06-08T11:55:59Z,Ok,2,20/6/8 7:57,2,1591617268,200nm,22.2513,1.6
2020-06-08T13:26:59Z,Ok,2,20/6/8 9:28,2,1591622728,200nm,22.4836,1.6
2020-06-08T15:09:59Z,Ok,2,20/6/8 11:11,2,1591628907,200nm,21.4527,1.6
2020-06-08T17:02:59Z,Ok,2,20/6/8 13:4,2,1591635687,200nm,10.818,1.6
2020-06-08T18:33:59Z,Ok,2,20/6/8 14:35,2,1591641148,200nm,11.8345,1.6
2020-06-08T20:04:59Z,Ok,2,20/6/8 16:6,2,1591646608,200nm,12.13,1.6
2020-06-08T21:35:59Z,Ok,2,20/6/8 17:37,2,1591652068,200nm,12.6242,1.6
2020-06-08T22:20:59Z,Ok,2,20/6/8 18:22,2,1591654768,200nm,11.4405,1.6
2020-06-08T23:51:59Z,Ok,2,20/6/8 19:53,2,1591660228,200nm,13.7193,1.6
2020-06-09T01:22:59Z,Ok,2,20/6/8 21:24,2,1591665688,200nm,14.7296,1.6
2020-06-09T02:53:59Z,Ok,2,20/6/8 22:55,2,1591671149,200nm,15.6657,1.6
2020-06-09T04:20:59Z,Ok,2,20/6/9 0:22,2,1591676367,200nm,16.6445,1.6
2020-06-09T05:51:59Z,Ok,2,20/6/9 1:53,2,1591681828,200nm,18.8279,1.6
2020-06-09T07:22:59Z,Ok,2,20/6/9 3:24,2,1591687288,200nm,20.1341,1.6
2020-06-09T08:53:59Z,Ok,2,20/6/9 4:55,2,1591692748,200nm,21.9872,1.6
2020-06-09T10:24:59Z,Ok,2,20/6/9 6:26,2,1591698208,200nm,23.1856,1.6
2020-06-09T11:55:59Z,Ok,2,20/6/9 7:57,2,1591703668,200nm,25.9763,1.6
2020-06-09T13:26:59Z,Ok,2,20/6/9 9:28,2,1591709129,200nm,28.402,1.6
2020-06-09T14:57:59Z,Ok,2,20/6/9 10:59,2,1591714589,200nm,29.7439,1.6
2020-06-09T16:28:59Z,Ok,2,20/6/9 12:30,2,1591720049,200nm,32.5884,1.6
2020-06-09T17:59:59Z,Ok,2,20/6/9 14:1,2,1591725509,200nm,35.2783,1.6
2020-06-09T19:30:59Z,Ok,2,20/6/9 15:32,2,1591730970,200nm,37.0292,1.6
2020-06-09T21:01:59Z,Ok,2,20/6/9 17:3,2,1591736430,200nm,38.5071,1.6
2020-06-09T22:32:59Z,Ok,2,20/6/9 18:34,2,1591741890,200nm,39.7379,1.6
2020-06-10T00:03:59Z,Ok,2,20/6/9 20:5,2,1591747350,200nm,41.6612,1.6
2020-06-10T01:34:59Z,Ok,2,20/6/9 21:36,2,1591752811,200nm,42.8747,1.6
2020-06-10T03:05:59Z,Ok,2,20/6/9 23:7,2,1591758271,200nm,44.3322,1.6
2020-06-10T04:20:59Z,Ok,2,20/6/10 0:22,2,1591762767,200nm,44.5071,1.6
2020-06-10T05:51:59Z,Ok,2,20/6/10 1:53,2,1591768228,200nm,46.3845,1.6
2020-06-10T07:22:59Z,Ok,2,20/6/10 3:24,2,1591773688,200nm,48.328,1.6
2020-06-10T08:53:59Z,Ok,2,20/6/10 4:55,2,1591779148,200nm,49.2347,1.6
2020-06-10T10:24:59Z,Ok,2,20/6/10 6:26,2,1591784608,200nm,50.7144,1.6
2020-06-10T11:55:59Z,Ok,2,20/6/10 7:57,2,1591790068,200nm,52.4573,1.6
2020-06-10T13:26:59Z,Ok,2,20/6/10 9:28,2,1591795529,200nm,54.286,1.6
2020-06-10T14:57:59Z,Ok,2,20/6/10 10:59,2,1591800989,200nm,54.5331,1.6
2020-06-10T16:28:59Z,Ok,2,20/6/10 12:30,2,1591806449,200nm,56.1718,1.6
2020-06-10T17:59:59Z,Ok,2,20/6/10 14:1,2,1591811909,200nm,61.4027,1.6
2020-06-10T19:30:59Z,Ok,2,20/6/10 15:32,2,1591817370,200nm,58.3642,1.6
2020-06-10T21:01:59Z,Ok,2,20/6/10 17:3,2,1591822830,200nm,59.5803,1.6
2020-06-10T22:32:59Z,Ok,2,20/6/10 18:34,2,1591828290,200nm,60.7151,1.6
2020-06-11T00:03:59Z,Ok,2,20/6/10 20:5,2,1591833750,200nm,61.6234,1.6
2020-06-11T01:34:59Z,Ok,2,20/6/10 21:36,2,1591839210,200nm,62.366,1.6
2020-06-11T03:05:59Z,Ok,2,20/6/10 23:7,2,1591844671,200nm,63.3542,1.6
2020-06-11T04:20:59Z,Ok,2,20/6/11 0:22,2,1591849167,200nm,64.4704,1.6
2020-06-11T05:51:59Z,Ok,2,20/6/11 1:53,2,1591854628,200nm,66.0396,1.6
2020-06-11T07:22:59Z,Ok,2,20/6/11 3:24,2,1591860088,200nm,67.0935,1.6
2020-06-11T08:53:59Z,Ok,2,20/6/11 4:55,2,1591865548,200nm,67.2696,1.6
2020-06-11T10:24:59Z,Ok,2,20/6/11 6:26,2,1591871008,200nm,67.7122,1.6
2020-06-11T11:55:59Z,Ok,2,20/6/11 7:57,2,1591876468,200nm,68.7176,1.6
2020-06-11T13:26:59Z,Ok,2,20/6/11 9:28,2,1591881928,200nm,69.5986,1.6
2020-06-11T14:57:59Z,Ok,2,20/6/11 10:59,2,1591887389,200nm,68.314,1.6
2020-06-11T16:28:59Z,Ok,2,20/6/11 12:30,2,1591892849,200nm,66.3912,1.6
2020-06-11T17:59:59Z,Ok,2,20/6/11 14:1,2,1591898309,200nm,64.6464,1.6
2020-06-11T19:30:59Z,Ok,2,20/6/11 15:32,2,1591903769,200nm,62.8615,1.6
2020-06-11T21:01:59Z,Ok,2,20/6/11 17:3,2,1591909230,200nm,62.5266,1.6
2020-06-11T22:32:59Z,Ok,2,20/6/11 18:34,2,1591914690,200nm,61.801,1.6
2020-06-12T00:03:59Z,Ok,2,20/6/11 20:5,2,1591920150,200nm,60.3189,1.6
2020-06-12T01:34:59Z,Ok,2,20/6/11 21:36,2,1591925610,200nm,60.266,1.6
2020-06-12T03:05:59Z,Ok,2,20/6/11 23:7,2,1591931070,200nm,59.6739,1.6
2020-06-12T04:20:59Z,Ok,2,20/6/12 0:22,2,1591935567,200nm,58.5331,1.6
2020-06-12T05:51:59Z,Ok,2,20/6/12 1:53,2,1591941027,200nm,59.6947,1.6
2020-06-12T07:22:59Z,Ok,2,20/6/12 3:24,2,1591946488,200nm,58.1841,1.6
2020-06-12T08:53:59Z,Ok,2,20/6/12 4:55,2,1591951948,200nm,57.8822,1.6
2020-06-12T10:24:59Z,Ok,2,20/6/12 6:26,2,1591957408,200nm,58.3471,1.6
2020-06-12T11:55:59Z,Ok,2,20/6/12 7:57,2,1591962868,200nm,58.9384,1.6
2020-06-12T13:48:59Z,Ok,2,20/6/12 9:50,2,1591969647,200nm,57.3937,1.6
2020-06-12T15:19:59Z,Ok,2,20/6/12 11:21,2,1591975107,200nm,57.761,1.6
2020-06-12T16:50:59Z,Ok,2,20/6/12 12:52,2,1591980567,200nm,58.9299,1.6
2020-06-12T18:41:59Z,Ok,2,20/6/12 14:43,2,1591987227,200nm,58.3503,1.6
2020-06-12T20:12:59Z,Ok,2,20/6/12 16:14,2,1591992687,200nm,59.6003,1.6
2020-06-12T21:43:59Z,Ok,2,20/6/12 17:45,2,1591998148,200nm,60.3335,1.6
2020-06-12T23:14:59Z,Ok,2,20/6/12 19:16,2,1592003608,200nm,59.5931,1.6
2020-06-13T00:45:59Z,Ok,2,20/6/12 20:47,2,1592009068,200nm,59.1208,1.6
2020-06-13T02:16:59Z,Ok,2,20/6/12 22:18,2,1592014528,200nm,58.6782,1.6
2020-06-13T03:47:59Z,Ok,2,20/6/12 23:49,2,1592019989,200nm,57.8674,1.6
2020-06-13T04:27:59Z,Ok,2,20/6/13 0:29,2,1592022387,200nm,57.9231,1.6
2020-06-13T05:58:59Z,Ok,2,20/6/13 2:0,2,1592027847,200nm,58.0267,1.6
2020-06-13T07:29:59Z,Ok,2,20/6/13 3:31,2,1592033308,200nm,58.3914,1.6
2020-06-13T09:00:59Z,Ok,2,20/6/13 5:2,2,1592038768,200nm,58.4286,1.6
2020-06-13T10:31:59Z,Ok,2,20/6/13 6:33,2,1592044228,200nm,58.9022,1.6
2020-06-13T12:02:59Z,Ok,2,20/6/13 8:4,2,1592049688,200nm,60.3667,1.6
2020-06-13T13:33:59Z,Ok,2,20/6/13 9:35,2,1592055148,200nm,61.6919,1.6
2020-06-13T15:04:59Z,Ok,2,20/6/13 11:6,2,1592060608,200nm,61.15,1.6
2020-06-13T16:35:59Z,Ok,2,20/6/13 12:37,2,1592066069,200nm,60.2978,1.6
2020-06-13T18:06:59Z,Ok,2,20/6/13 14:8,2,1592071529,200nm,62.8039,1.6
2020-06-13T19:37:59Z,Ok,2,20/6/13 15:39,2,1592076989,200nm,59.974,1.6
2020-06-13T21:08:59Z,Ok,2,20/6/13 17:10,2,1592082449,200nm,59.8469,1.6
2020-06-13T22:39:59Z,Ok,2,20/6/13 18:41,2,1592087909,200nm,59.6244,1.6
2020-06-14T00:10:59Z,Ok,2,20/6/13 20:12,2,1592093370,200nm,59.9762,1.6
2020-06-14T01:41:59Z,Ok,2,20/6/13 21:43,2,1592098830,200nm,60.373,1.6
2020-06-14T03:12:59Z,Ok,2,20/6/13 23:14,2,1592104290,200nm,61.1066,1.6
2020-06-14T04:27:59Z,Ok,2,20/6/14 0:29,2,1592108787,200nm,60.6803,1.6
2020-06-14T05:58:59Z,Ok,2,20/6/14 2:0,2,1592114247,200nm,61.756100000000004,1.6
2020-06-14T07:29:59Z,Ok,2,20/6/14 3:31,2,1592119708,200nm,61.5375,1.6
2020-06-14T09:00:59Z,Ok,2,20/6/14 5:2,2,1592125168,200nm,61.805,1.6
2020-06-14T10:31:59Z,Ok,2,20/6/14 6:33,2,1592130628,200nm,61.8566,1.6
2020-06-14T12:02:59Z,Ok,2,20/6/14 8:4,2,1592136088,200nm,62.11,1.6
2020-06-14T13:33:59Z,Ok,2,20/6/14 9:35,2,1592141548,200nm,62.6476,1.6
2020-06-14T15:04:59Z,Ok,2,20/6/14 11:6,2,1592147008,200nm,62.3464,1.6
2020-06-14T16:35:59Z,Ok,2,20/6/14 12:37,2,1592152468,200nm,62.2738,1.6
2020-06-14T18:06:59Z,Ok,2,20/6/14 14:8,2,1592157928,200nm,64.6209,1.6
2020-06-14T19:37:59Z,Ok,2,20/6/14 15:39,2,1592163389,200nm,62.1271,1.6
2020-06-14T21:08:59Z,Ok,2,20/6/14 17:10,2,1592168849,200nm,62.0157,1.6
2020-06-14T22:39:59Z,Ok,2,20/6/14 18:41,2,1592174309,200nm,62.7508,1.6
2020-06-15T00:10:59Z,Ok,2,20/6/14 20:12,2,1592179769,200nm,62.5364,1.6
2020-06-15T01:41:59Z,Ok,2,20/6/14 21:43,2,1592185229,200nm,62.3359,1.6
2020-06-15T03:12:59Z,Ok,2,20/6/14 23:14,2,1592190689,200nm,62.2933,1.6
2020-06-15T04:27:59Z,Ok,2,20/6/15 0:29,2,1592195187,200nm,62.9647,1.6
2020-06-15T05:58:59Z,Ok,2,20/6/15 2:0,2,1592200647,200nm,63.6436,1.6
2020-06-15T07:29:59Z,Ok,2,20/6/15 3:31,2,1592206108,200nm,64.4745,1.6
2020-06-15T09:00:59Z,Ok,2,20/6/15 5:2,2,1592211568,200nm,65.0088,1.6
2020-06-15T10:31:59Z,Ok,2,20/6/15 6:33,2,1592217028,200nm,65.3161,1.6
2020-06-15T12:02:59Z,Ok,2,20/6/15 8:4,2,1592222488,200nm,65.4436,1.6
2020-06-15T13:33:59Z,Ok,2,20/6/15 9:35,2,1592227948,200nm,65.5185,1.6
2020-06-15T15:04:59Z,Ok,2,20/6/15 11:6,2,1592233408,200nm,65.6983,1.6
2020-06-15T16:35:59Z,Ok,2,20/6/15 12:37,2,1592238868,200nm,65.62,1.6
2020-06-15T18:06:59Z,Ok,2,20/6/15 14:8,2,1592244328,200nm,64.666,1.6
2020-06-15T19:37:59Z,Ok,2,20/6/15 15:39,2,1592249788,200nm,65.3078,1.6
2020-06-15T21:08:59Z,Ok,2,20/6/15 17:10,2,1592255248,200nm,65.748,1.6
2020-06-15T22:39:59Z,Ok,2,20/6/15 18:41,2,1592260708,200nm,65.5083,1.6
2020-06-16T00:10:59Z,Ok,2,20/6/15 20:12,2,1592266168,200nm,65.4757,1.6
2020-06-16T01:41:59Z,Ok,2,20/6/15 21:43,2,1592271629,200nm,65.7498,1.6
2020-06-16T03:12:59Z,Ok,2,20/6/15 23:14,2,1592277089,200nm,66.1328,1.6
2020-06-16T04:27:59Z,Ok,2,20/6/16 0:29,2,1592281587,200nm,65.7534,1.6
2020-06-16T05:58:59Z,Ok,2,20/6/16 2:0,2,1592287047,200nm,67.2402,1.6
2020-06-16T07:29:59Z,Ok,2,20/6/16 3:31,2,1592292508,200nm,67.7753,1.6
2020-06-16T09:00:59Z,Ok,2,20/6/16 5:2,2,1592297968,200nm,68.3207,1.6
2020-06-16T10:31:59Z,Ok,2,20/6/16 6:33,2,1592303428,200nm,68.9168,1.6
2020-06-16T12:02:59Z,Ok,2,20/6/16 8:4,2,1592308888,200nm,69.0942,1.6
2020-06-16T13:33:59Z,Ok,2,20/6/16 9:35,2,1592314348,200nm,68.794,1.6
2020-06-16T15:04:59Z,Ok,2,20/6/16 11:6,2,1592319808,200nm,69.9113,1.6
2020-06-16T16:35:59Z,Ok,2,20/6/16 12:37,2,1592325268,200nm,68.2282,1.6
2020-06-16T19:21:00Z,Ok,2,20/6/16 15:22,2,1592335169,200nm,68.9654,1.6
2020-06-16T20:48:44Z,Ok,2,20/6/16 16:50,2,1592340433,200nm,69.1295,1.6
2020-06-16T22:06:44Z,Ok,2,20/6/16 18:8,2,1592345113,200nm,69.2361,1.6
2020-06-16T23:24:44Z,Ok,2,20/6/16 19:26,2,1592349793,200nm,69.0279,1.6
2020-06-17T00:42:44Z,Ok,2,20/6/16 20:44,2,1592354473,200nm,68.5683,1.6
2020-06-17T02:00:44Z,Ok,2,20/6/16 22:2,2,1592359153,200nm,68.7037,1.6
2020-06-17T03:18:44Z,Ok,2,20/6/16 23:20,2,1592363833,200nm,68.8271,1.6
2020-06-17T04:29:14Z,Ok,2,20/6/17 0:30,2,1592368062,200nm,69.6188,1.6
2020-06-17T05:47:14Z,Ok,2,20/6/17 1:48,2,1592372742,200nm,70.2164,1.6
2020-06-17T07:05:14Z,Ok,2,20/6/17 3:6,2,1592377423,200nm,69.836,1.6
2020-06-17T08:23:14Z,Ok,2,20/6/17 4:24,2,1592382103,200nm,69.9667,1.6
2020-06-17T09:41:14Z,Ok,2,20/6/17 5:42,2,1592386783,200nm,70.6006,1.6
2020-06-17T10:59:14Z,Ok,2,20/6/17 7:0,2,1592391463,200nm,70.6589,1.6
2020-06-17T12:17:14Z,Ok,2,20/6/17 8:18,2,1592396143,200nm,71.3968,1.6
2020-06-17T13:35:14Z,Ok,2,20/6/17 9:36,2,1592400823,200nm,72.5914,1.6
2020-06-17T14:53:14Z,Ok,2,20/6/17 10:54,2,1592405503,200nm,72.1237,1.6
2020-06-17T16:11:14Z,Ok,2,20/6/17 12:12,2,1592410183,200nm,72.3792,1.6
2020-06-17T17:29:14Z,Ok,2,20/6/17 13:30,2,1592414863,200nm,71.5062,1.6
2020-06-17T18:47:14Z,Ok,2,20/6/17 14:48,2,1592419543,200nm,71.8674,1.6
2020-06-17T20:05:14Z,Ok,2,20/6/17 16:6,2,1592424223,200nm,71.9572,1.6
2020-06-17T21:23:14Z,Ok,2,20/6/17 17:24,2,1592428903,200nm,71.833,1.6
2020-06-17T22:41:14Z,Ok,2,20/6/17 18:42,2,1592433583,200nm,71.9516,1.6
2020-06-17T23:59:14Z,Ok,2,20/6/17 20:0,2,1592438263,200nm,72.5421,1.6
2020-06-18T01:17:14Z,Ok,2,20/6/17 21:18,2,1592442943,200nm,74.6683,1.6
2020-06-18T02:35:14Z,Ok,2,20/6/17 22:36,2,1592447623,200nm,77.532,1.6
2020-06-18T04:29:14Z,Ok,2,20/6/18 0:30,2,1592454462,200nm,75.2031,1.6
2020-06-18T05:47:14Z,Ok,2,20/6/18 1:48,2,1592459142,200nm,75.4412,1.6
2020-06-18T07:05:14Z,Ok,2,20/6/18 3:6,2,1592463823,200nm,75.9265,1.6
2020-06-18T08:23:14Z,Ok,2,20/6/18 4:24,2,1592468503,200nm,75.2784,1.6
2020-06-18T09:41:14Z,Ok,2,20/6/18 5:42,2,1592473183,200nm,76.1204,1.6
2020-06-18T10:59:14Z,Ok,2,20/6/18 7:0,2,1592477863,200nm,74.9399,1.6
2020-06-18T12:17:14Z,Ok,2,20/6/18 8:18,2,1592482543,200nm,76.4481,1.6
2020-06-18T13:35:14Z,Ok,2,20/6/18 9:36,2,1592487223,200nm,75.7658,1.6
2020-06-18T14:53:14Z,Ok,2,20/6/18 10:54,2,1592491903,200nm,77.1917,1.6
2020-06-18T16:11:14Z,Ok,2,20/6/18 12:12,2,1592496583,200nm,77.6843,1.6
2020-06-18T17:29:14Z,Ok,2,20/6/18 13:30,2,1592501263,200nm,77.4248,1.6
2020-06-18T18:47:14Z,Ok,2,20/6/18 14:48,2,1592505944,200nm,77.5284,1.6
2020-06-18T20:05:14Z,Ok,2,20/6/18 16:6,2,1592510624,200nm,75.7986,1.6
2020-06-18T21:23:14Z,Ok,2,20/6/18 17:24,2,1592515304,200nm,75.8195,1.6
2020-06-18T22:41:14Z,Ok,2,20/6/18 18:42,2,1592519984,200nm,75.2091,1.6
2020-06-18T23:59:14Z,Ok,2,20/6/18 20:0,2,1592524664,200nm,75.8928,1.6
2020-06-19T01:17:14Z,Ok,2,20/6/18 21:18,2,1592529344,200nm,75.2974,1.6
2020-06-19T02:35:14Z,Ok,2,20/6/18 22:36,2,1592534024,200nm,77.0673,1.6
2020-06-19T04:29:14Z,Ok,2,20/6/19 0:30,2,1592540862,200nm,75.6593,1.6
2020-06-19T05:47:14Z,Ok,2,20/6/19 1:48,2,1592545543,200nm,76.1043,1.6
2020-06-19T07:05:14Z,Ok,2,20/6/19 3:6,2,1592550223,200nm,76.734,1.6
2020-06-19T08:23:14Z,Ok,2,20/6/19 4:24,2,1592554903,200nm,76.0291,1.6
2020-06-19T09:41:14Z,Ok,2,20/6/19 5:42,2,1592559583,200nm,75.6851,1.6
2020-06-19T10:59:14Z,Ok,2,20/6/19 7:0,2,1592564263,200nm,77.054,1.6
2020-06-19T12:17:14Z,Ok,2,20/6/19 8:18,2,1592568943,200nm,77.629,1.6
2020-06-19T13:35:14Z,Ok,2,20/6/19 9:36,2,1592573623,200nm,77.5977,1.6
2020-06-19T14:53:14Z,Ok,2,20/6/19 10:54,2,1592578303,200nm,77.6739,1.6
2020-06-19T16:11:14Z,Ok,2,20/6/19 12:12,2,1592582983,200nm,78.0204,1.6
2020-06-19T17:29:14Z,Ok,2,20/6/19 13:30,2,1592587664,200nm,75.6772,1.6
2020-06-19T18:47:14Z,Ok,2,20/6/19 14:48,2,1592592344,200nm,76.7929,1.6
2020-06-19T20:05:14Z,Ok,2,20/6/19 16:6,2,1592597024,200nm,75.6224,1.6
2020-06-19T21:23:14Z,Ok,2,20/6/19 17:24,2,1592601704,200nm,77.7469,1.6
2020-06-19T22:41:14Z,Ok,2,20/6/19 18:42,2,1592606384,200nm,76.8542,1.6
2020-06-19T23:59:14Z,Ok,2,20/6/19 20:0,2,1592611064,200nm,77.6569,1.6
2020-06-20T01:17:14Z,Ok,2,20/6/19 21:18,2,1592615745,200nm,76.6779,1.6
2020-06-20T02:35:14Z,Ok,2,20/6/19 22:36,2,1592620425,200nm,77.391,1.6
2020-06-20T04:29:14Z,Ok,2,20/6/20 0:30,2,1592627262,200nm,77.4523,1.6
2020-06-20T05:47:14Z,Ok,2,20/6/20 1:48,2,1592631943,200nm,76.948,1.6
2020-06-20T07:05:14Z,Ok,2,20/6/20 3:6,2,1592636623,200nm,78.2577,1.6
2020-06-20T08:23:14Z,Ok,2,20/6/20 4:24,2,1592641303,200nm,77.933,1.6
2020-06-20T09:41:14Z,Ok,2,20/6/20 5:42,2,1592645983,200nm,77.5552,1.6
2020-06-20T10:59:14Z,Ok,2,20/6/20 7:0,2,1592650663,200nm,78.2022,1.6
2020-06-20T12:17:14Z,Ok,2,20/6/20 8:18,2,1592655343,200nm,78.4067,1.6
2020-06-20T13:35:14Z,Ok,2,20/6/20 9:36,2,1592660023,200nm,77.8792,1.6
2020-06-20T14:53:14Z,Ok,2,20/6/20 10:54,2,1592664703,200nm,78.7356,1.6
2020-06-20T16:11:14Z,Ok,2,20/6/20 12:12,2,1592669383,200nm,78.4767,1.6
2020-06-20T17:29:14Z,Ok,2,20/6/20 13:30,2,1592674064,200nm,77.9176,1.6
2020-06-20T18:47:14Z,Ok,2,20/6/20 14:48,2,1592678744,200nm,78.4715,1.6
2020-06-20T20:05:14Z,Ok,2,20/6/20 16:6,2,1592683424,200nm,78.0911,1.6
2020-06-20T21:23:14Z,Ok,2,20/6/20 17:24,2,1592688104,200nm,77.8038,1.6
2020-06-20T22:41:14Z,Ok,2,20/6/20 18:42,2,1592692784,200nm,77.091,1.6
2020-06-20T23:59:14Z,Ok,2,20/6/20 20:0,2,1592697465,200nm,75.9553,1.6
2020-06-21T01:17:14Z,Ok,2,20/6/20 21:18,2,1592702145,200nm,76.924,1.6
2020-06-21T02:35:14Z,Ok,2,20/6/20 22:36,2,1592706825,200nm,79.0278,1.6
2020-06-21T04:29:14Z,Ok,2,20/6/21 0:30,2,1592713662,200nm,79.4348,1.6
2020-06-21T05:47:14Z,Ok,2,20/6/21 1:48,2,1592718343,200nm,78.2206,1.6
2020-06-21T07:05:14Z,Ok,2,20/6/21 3:6,2,1592723023,200nm,78.3144,1.6
2020-06-21T08:23:14Z,Ok,2,20/6/21 4:24,2,1592727703,200nm,77.9167,1.6
2020-06-21T09:41:14Z,Ok,2,20/6/21 5:42,2,1592732383,200nm,78.8952,1.6
2020-06-21T10:59:14Z,Ok,2,20/6/21 7:0,2,1592737063,200nm,79.1165,1.6
2020-06-21T12:17:14Z,Ok,2,20/6/21 8:18,2,1592741743,200nm,79.9188,1.6
2020-06-21T13:35:14Z,Ok,2,20/6/21 9:36,2,1592746423,200nm,79.1381,1.6
2020-06-21T14:53:14Z,Ok,2,20/6/21 10:54,2,1592751103,200nm,77.7795,1.6
2020-06-21T16:11:14Z,Ok,2,20/6/21 12:12,2,1592755784,200nm,80.333,1.6
2020-06-21T17:29:14Z,Ok,2,20/6/21 13:30,2,1592760464,200nm,78.4305,1.6
2020-06-21T18:47:14Z,Ok,2,20/6/21 14:48,2,1592765144,200nm,78.4117,1.6
2020-06-21T20:05:14Z,Ok,2,20/6/21 16:6,2,1592769824,200nm,79.7211,1.6
2020-06-21T21:23:14Z,Ok,2,20/6/21 17:24,2,1592774504,200nm,78.2454,1.6
2020-06-21T22:41:14Z,Ok,2,20/6/21 18:42,2,1592779185,200nm,79.8819,1.6
2020-06-21T23:59:14Z,Ok,2,20/6/21 20:0,2,1592783865,200nm,78.5534,1.6
2020-06-22T01:17:14Z,Ok,2,20/6/21 21:18,2,1592788545,200nm,81.3747,1.6
2020-06-22T02:35:14Z,Ok,2,20/6/21 22:36,2,1592793225,200nm,81.4141,1.6
2020-06-22T04:29:14Z,Ok,2,20/6/22 0:30,2,1592800062,200nm,82.102,1.6
2020-06-22T05:47:14Z,Ok,2,20/6/22 1:48,2,1592804743,200nm,81.2853,1.6
2020-06-22T07:05:14Z,Ok,2,20/6/22 3:6,2,1592809423,200nm,83.1654,1.6
2020-06-22T08:23:14Z,Ok,2,20/6/22 4:24,2,1592814103,200nm,81.4825,1.6
2020-06-22T09:41:14Z,Ok,2,20/6/22 5:42,2,1592818783,200nm,84.9474,1.6
2020-06-22T10:59:14Z,Ok,2,20/6/22 7:0,2,1592823463,200nm,84.2217,1.6
2020-06-22T12:17:14Z,Ok,2,20/6/22 8:18,2,1592828143,200nm,83.0231,1.6
2020-06-25T22:08:14Z,Ok,2,20/6/25 18:9,2,1593122803,200nm,11.0835,1.6
2020-06-25T23:26:14Z,Ok,2,20/6/25 19:27,2,1593127483,200nm,10.0809,1.6
2020-06-26T00:44:14Z,Ok,2,20/6/25 20:45,2,1593132163,200nm,10.8583,1.6
2020-06-26T02:02:14Z,Ok,2,20/6/25 22:3,2,1593136843,200nm,11.2499,1.6
2020-06-26T03:20:14Z,Ok,2,20/6/25 23:21,2,1593141524,200nm,11.2681,1.6
2020-06-26T04:29:14Z,Ok,2,20/6/26 0:30,2,1593145663,200nm,10.9313,1.6
2020-06-26T05:47:14Z,Ok,2,20/6/26 1:48,2,1593150343,200nm,11.4634,1.6
2020-06-26T07:05:14Z,Ok,2,20/6/26 3:6,2,1593155023,200nm,11.4076,1.6
2020-06-26T08:23:14Z,Ok,2,20/6/26 4:24,2,1593159703,200nm,11.4001,1.6
2020-06-26T09:41:14Z,Ok,2,20/6/26 5:42,2,1593164383,200nm,11.4914,1.6
2020-06-26T10:59:14Z,Ok,2,20/6/26 7:0,2,1593169063,200nm,11.7266,1.6
2020-06-26T12:17:14Z,Ok,2,20/6/26 8:18,2,1593173743,200nm,11.9071,1.6
2020-06-26T13:35:14Z,Ok,2,20/6/26 9:36,2,1593178423,200nm,11.9254,1.6
2020-06-26T14:53:14Z,Ok,2,20/6/26 10:54,2,1593183104,200nm,11.9929,1.6
2020-06-26T16:11:14Z,Ok,2,20/6/26 12:12,2,1593187784,200nm,12.7572,1.6
2020-06-26T17:29:14Z,Ok,2,20/6/26 13:30,2,1593192464,200nm,13.4433,1.6
2020-06-26T18:47:14Z,Ok,2,20/6/26 14:48,2,1593197144,200nm,14.0058,1.6
2020-06-26T20:05:14Z,Ok,2,20/6/26 16:6,2,1593201824,200nm,14.1959,1.6
2020-06-26T21:23:14Z,Ok,2,20/6/26 17:24,2,1593206505,200nm,15.1782,1.6
2020-06-26T22:41:14Z,Ok,2,20/6/26 18:42,2,1593211185,200nm,18.025,1.6
2020-06-26T23:59:14Z,Ok,2,20/6/26 20:0,2,1593215865,200nm,18.7986,1.6
2020-06-27T01:17:14Z,Ok,2,20/6/26 21:18,2,1593220545,200nm,27.8705,1.6
2020-06-27T02:35:14Z,Ok,2,20/6/26 22:36,2,1593225226,200nm,31.3277,1.6
2020-06-27T04:29:14Z,Ok,2,20/6/27 0:30,2,1593232062,200nm,33.1752,1.6
2020-06-27T05:47:14Z,Ok,2,20/6/27 1:48,2,1593236743,200nm,38.027,1.6
2020-06-27T07:05:14Z,Ok,2,20/6/27 3:6,2,1593241423,200nm,40.1726,1.6
2020-06-27T08:23:14Z,Ok,2,20/6/27 4:24,2,1593246103,200nm,38.0584,1.6
2020-06-27T09:41:14Z,Ok,2,20/6/27 5:42,2,1593250783,200nm,45.0394,1.6
2020-06-27T10:59:14Z,Ok,2,20/6/27 7:0,2,1593255463,200nm,46.2302,1.6
2020-06-27T12:17:14Z,Ok,2,20/6/27 8:18,2,1593260143,200nm,41.3554,1.6
2020-06-27T13:35:14Z,Ok,2,20/6/27 9:36,2,1593264823,200nm,44.0179,1.6
2020-06-27T14:53:14Z,Ok,2,20/6/27 10:54,2,1593269503,200nm,40.0033,1.6
2020-06-27T16:11:14Z,Ok,2,20/6/27 12:12,2,1593274184,200nm,40.5026,1.6
2020-06-27T17:29:14Z,Ok,2,20/6/27 13:30,2,1593278864,200nm,42.7313,1.6
2020-06-27T18:47:14Z,Ok,2,20/6/27 14:48,2,1593283544,200nm,45.1546,1.6
2020-06-27T20:05:14Z,Ok,2,20/6/27 16:6,2,1593288224,200nm,46.2472,1.6
2020-06-27T21:23:14Z,Ok,2,20/6/27 17:24,2,1593292904,200nm,46.1168,1.6
2020-06-27T22:41:14Z,Ok,2,20/6/27 18:42,2,1593297585,200nm,45.4863,1.6
2020-06-27T23:59:14Z,Ok,2,20/6/27 20:0,2,1593302265,200nm,49.1188,1.6
2020-06-28T01:17:14Z,Ok,2,20/6/27 21:18,2,1593306945,200nm,48.141,1.6
2020-06-28T02:35:14Z,Ok,2,20/6/27 22:36,2,1593311625,200nm,50.3954,1.6
2020-06-28T04:29:14Z,Ok,2,20/6/28 0:30,2,1593318462,200nm,49.4665,1.6
2020-06-28T05:47:14Z,Ok,2,20/6/28 1:48,2,1593323143,200nm,48.2064,1.6
2020-06-28T07:05:14Z,Ok,2,20/6/28 3:6,2,1593327823,200nm,46.5526,1.6
2020-06-28T08:23:14Z,Ok,2,20/6/28 4:24,2,1593332503,200nm,48.3978,1.6
2020-06-28T09:41:14Z,Ok,2,20/6/28 5:42,2,1593337183,200nm,48.1939,1.6
2020-06-28T10:59:14Z,Ok,2,20/6/28 7:0,2,1593341863,200nm,45.4935,1.6
2020-06-28T12:17:14Z,Ok,2,20/6/28 8:18,2,1593346543,200nm,44.6858,1.6
2020-06-28T13:35:14Z,Ok,2,20/6/28 9:36,2,1593351223,200nm,44.0712,1.6
2020-06-28T14:53:14Z,Ok,2,20/6/28 10:54,2,1593355904,200nm,43.2961,1.6
2020-06-28T16:11:14Z,Ok,2,20/6/28 12:12,2,1593360584,200nm,42.4953,1.6
2020-06-28T17:29:14Z,Ok,2,20/6/28 13:30,2,1593365264,200nm,41.7223,1.6
2020-06-28T18:47:14Z,Ok,2,20/6/28 14:48,2,1593369944,200nm,40.6206,1.6
2020-06-28T20:05:14Z,Ok,2,20/6/28 16:6,2,1593374624,200nm,39.3036,1.6
2020-06-28T21:23:14Z,Ok,2,20/6/28 17:24,2,1593379304,200nm,37.3227,1.6
2020-06-28T22:41:14Z,Ok,2,20/6/28 18:42,2,1593383985,200nm,35.0769,1.6
2020-06-28T23:59:14Z,Ok,2,20/6/28 20:0,2,1593388665,200nm,33.3615,1.6
2020-06-29T01:17:14Z,Ok,2,20/6/28 21:18,2,1593393345,200nm,32.2114,1.6
2020-06-29T02:35:14Z,Ok,2,20/6/28 22:36,2,1593398025,200nm,31.2701,1.6
2020-06-29T04:29:14Z,Ok,2,20/6/29 0:30,2,1593404862,200nm,30.2215,1.6
2020-06-29T05:47:14Z,Ok,2,20/6/29 1:48,2,1593409543,200nm,29.9666,1.6
2020-06-29T07:05:14Z,Ok,2,20/6/29 3:6,2,1593414223,200nm,29.9216,1.6
2020-06-29T08:23:14Z,Ok,2,20/6/29 4:24,2,1593418903,200nm,29.7824,1.6
2020-06-29T09:41:14Z,Ok,2,20/6/29 5:42,2,1593423583,200nm,29.9012,1.6
2020-06-29T10:59:14Z,Ok,2,20/6/29 7:0,2,1593428263,200nm,29.7775,1.6
2020-06-29T12:29:14Z,Ok,2,20/6/29 8:30,2,1593433663,200nm,29.4895,1.6
2020-06-29T13:29:14Z,Ok,2,20/6/29 9:30,2,1593437263,200nm,29.4281,1.6
2020-06-29T14:47:14Z,Ok,2,20/6/29 10:48,2,1593441943,200nm,28.9158,1.6
2020-06-29T16:05:14Z,Ok,2,20/6/29 12:6,2,1593446623,200nm,28.698,1.6
2020-06-29T17:23:14Z,Ok,2,20/6/29 13:24,2,1593451303,200nm,29.1607,1.6
2020-06-29T18:41:14Z,Ok,2,20/6/29 14:42,2,1593455983,200nm,32.8659,1.6
2020-06-29T19:59:14Z,Ok,2,20/6/29 16:0,2,1593460664,200nm,33.9914,1.6
2020-06-29T21:17:14Z,Ok,2,20/6/29 17:18,2,1593465344,200nm,38.4476,1.6
2020-06-29T22:35:14Z,Ok,2,20/6/29 18:36,2,1593470024,200nm,41.7217,1.6
2020-06-29T23:53:14Z,Ok,2,20/6/29 19:54,2,1593474705,200nm,44.8535,1.6
2020-06-30T01:11:14Z,Ok,2,20/6/29 21:12,2,1593479385,200nm,48.0729,1.6
2020-06-30T02:29:14Z,Ok,2,20/6/29 22:30,2,1593484065,200nm,50.931,1.6
2020-06-30T03:47:14Z,Ok,2,20/6/29 23:48,2,1593488745,200nm,54.1749,1.6
2020-06-30T04:29:14Z,Ok,2,20/6/30 0:30,2,1593491262,200nm,53.5972,1.6
2020-06-30T05:47:14Z,Ok,2,20/6/30 1:48,2,1593495943,200nm,55.5512,1.6
2020-06-30T07:05:14Z,Ok,2,20/6/30 3:6,2,1593500623,200nm,56.6351,1.6
2020-06-30T08:23:14Z,Ok,2,20/6/30 4:24,2,1593505303,200nm,56.9849,1.6
2020-06-30T09:41:14Z,Ok,2,20/6/30 5:42,2,1593509983,200nm,56.3658,1.6
2020-06-30T10:59:14Z,Ok,2,20/6/30 7:0,2,1593514663,200nm,57.701,1.6
2020-06-30T12:17:14Z,Ok,2,20/6/30 8:18,2,1593519343,200nm,57.1782,1.6
2020-06-30T13:35:14Z,Ok,2,20/6/30 9:36,2,1593524023,200nm,56.1032,1.6
2020-06-30T14:53:14Z,Ok,2,20/6/30 10:54,2,1593528704,200nm,54.1748,1.6
2020-06-30T16:11:14Z,Ok,2,20/6/30 12:12,2,1593533384,200nm,52.8122,1.6
2020-06-30T17:29:14Z,Ok,2,20/6/30 13:30,2,1593538064,200nm,54.619,1.6
2020-06-30T18:47:14Z,Ok,2,20/6/30 14:48,2,1593542744,200nm,55.1279,1.6
2020-06-30T20:05:14Z,Ok,2,20/6/30 16:6,2,1593547425,200nm,55.6887,1.6
2020-06-30T21:23:14Z,Ok,2,20/6/30 17:24,2,1593552105,200nm,55.7828,1.6
2020-06-30T22:41:14Z,Ok,2,20/6/30 18:42,2,1593556785,200nm,56.9539,1.6
2020-06-30T23:59:14Z,Ok,2,20/6/30 20:0,2,1593561465,200nm,57.4492,1.6
2020-07-01T01:17:14Z,Ok,2,20/6/30 21:18,2,1593566146,200nm,60.3929,1.6
2020-07-01T02:35:14Z,Ok,2,20/6/30 22:36,2,1593570826,200nm,61.2247,1.6
2020-07-01T04:29:14Z,Ok,2,20/7/1 0:30,2,1593577663,200nm,61.4316,1.6
2020-07-01T05:47:14Z,Ok,2,20/7/1 1:48,2,1593582343,200nm,61.7198,1.6
2020-07-01T07:05:14Z,Ok,2,20/7/1 3:6,2,1593587023,200nm,62.7906,1.6
2020-07-01T08:23:14Z,Ok,2,20/7/1 4:24,2,1593591703,200nm,63.3314,1.6
2020-07-01T09:41:14Z,Ok,2,20/7/1 5:42,2,1593596383,200nm,63.0783,1.6
2020-07-01T10:59:14Z,Ok,2,20/7/1 7:0,2,1593601063,200nm,63.1615,1.6
2020-07-01T12:17:14Z,Ok,2,20/7/1 8:18,2,1593605743,200nm,60.8462,1.6
2020-07-01T13:35:14Z,Ok,2,20/7/1 9:36,2,1593610424,200nm,58.3055,1.6
2020-07-01T14:53:14Z,Ok,2,20/7/1 10:54,2,1593615104,200nm,57.7156,1.6
2020-07-01T16:11:14Z,Ok,2,20/7/1 12:12,2,1593619784,200nm,57.253,1.6
2020-07-01T17:29:14Z,Ok,2,20/7/1 13:30,2,1593624464,200nm,57.4337,1.6
2020-07-01T18:47:14Z,Ok,2,20/7/1 14:48,2,1593629144,200nm,58.1858,1.6
2020-07-01T20:05:14Z,Ok,2,20/7/1 16:6,2,1593633825,200nm,58.1678,1.6
2020-07-01T21:23:14Z,Ok,2,20/7/1 17:24,2,1593638505,200nm,64.8197,1.6
2020-07-01T22:41:14Z,Ok,2,20/7/1 18:42,2,1593643185,200nm,64.4242,1.6
2020-07-01T23:59:14Z,Ok,2,20/7/1 20:0,2,1593647866,200nm,63.9992,1.6
2020-07-02T01:17:14Z,Ok,2,20/7/1 21:18,2,1593652546,200nm,65.6707,1.6
2020-07-02T02:35:14Z,Ok,2,20/7/1 22:36,2,1593657226,200nm,65.475,1.6
2020-07-02T04:29:14Z,Ok,2,20/7/2 0:30,2,1593664062,200nm,65.4182,1.6
2020-07-02T05:47:14Z,Ok,2,20/7/2 1:48,2,1593668743,200nm,65.197,1.6
2020-07-02T07:05:14Z,Ok,2,20/7/2 3:6,2,1593673423,200nm,65.2161,1.6
2020-07-02T08:23:14Z,Ok,2,20/7/2 4:24,2,1593678103,200nm,65.5652,1.6
2020-07-02T09:41:14Z,Ok,2,20/7/2 5:42,2,1593682783,200nm,65.3818,1.6
2020-07-02T10:59:14Z,Ok,2,20/7/2 7:0,2,1593687463,200nm,65.5751,1.6
2020-07-02T12:17:14Z,Ok,2,20/7/2 8:18,2,1593692143,200nm,65.5191,1.6
2020-07-02T13:35:14Z,Ok,2,20/7/2 9:36,2,1593696823,200nm,66.0231,1.6
2020-07-02T14:38:59Z,Ok,2,20/7/2 10:40,2,1593700648,200nm,58.11,1.6
2020-07-02T15:56:59Z,Ok,2,20/7/2 11:58,2,1593705328,200nm,55.7079,1.6
2020-07-02T17:14:59Z,Ok,2,20/7/2 13:16,2,1593710008,200nm,55.6099,1.6
2020-07-02T18:32:59Z,Ok,2,20/7/2 14:34,2,1593714688,200nm,56.8488,1.6
2020-07-02T19:50:59Z,Ok,2,20/7/2 15:52,2,1593719369,200nm,57.0132,1.6
2020-07-02T21:08:59Z,Ok,2,20/7/2 17:10,2,1593724049,200nm,56.6747,1.6
2020-07-02T22:26:59Z,Ok,2,20/7/2 18:28,2,1593728729,200nm,55.8156,1.6
2020-07-02T23:44:59Z,Ok,2,20/7/2 19:46,2,1593733409,200nm,55.4855,1.6
2020-07-03T01:02:59Z,Ok,2,20/7/2 21:4,2,1593738090,200nm,56.8267,1.6
2020-07-03T02:20:59Z,Ok,2,20/7/2 22:22,2,1593742770,200nm,58.1658,1.6
2020-07-03T03:38:59Z,Ok,2,20/7/2 23:40,2,1593747450,200nm,60.0102,1.6
2020-07-03T04:29:14Z,Ok,2,20/7/3 0:30,2,1593750463,200nm,59.7753,1.6
2020-07-03T05:47:14Z,Ok,2,20/7/3 1:48,2,1593755143,200nm,59.0148,1.6
2020-07-03T07:05:14Z,Ok,2,20/7/3 3:6,2,1593759823,200nm,56.8594,1.6
2020-07-03T08:23:14Z,Ok,2,20/7/3 4:24,2,1593764503,200nm,53.313,1.6
2020-07-03T09:41:14Z,Ok,2,20/7/3 5:42,2,1593769183,200nm,53.6842,1.6
2020-07-03T10:59:14Z,Ok,2,20/7/3 7:0,2,1593773863,200nm,53.2816,1.6
2020-07-03T12:17:14Z,Ok,2,20/7/3 8:18,2,1593778544,200nm,53.3753,1.6
2020-07-03T13:35:14Z,Ok,2,20/7/3 9:36,2,1593783224,200nm,53.1741,1.6
2020-07-03T14:53:14Z,Ok,2,20/7/3 10:54,2,1593787904,200nm,52.4272,1.6
2020-07-03T16:11:14Z,Ok,2,20/7/3 12:12,2,1593792584,200nm,52.871,1.6
2020-07-03T17:29:14Z,Ok,2,20/7/3 13:30,2,1593797264,200nm,52.7751,1.6
2020-07-03T18:47:14Z,Ok,2,20/7/3 14:48,2,1593801945,200nm,52.0083,1.6
2020-07-03T20:05:14Z,Ok,2,20/7/3 16:6,2,1593806625,200nm,51.9296,1.6
2020-07-03T21:23:14Z,Ok,2,20/7/3 17:24,2,1593811305,200nm,50.9871,1.6
2020-07-03T22:41:14Z,Ok,2,20/7/3 18:42,2,1593815986,200nm,50.626,1.6
2020-07-03T23:59:14Z,Ok,2,20/7/3 20:0,2,1593820666,200nm,50.0664,1.6
2020-07-04T01:17:14Z,Ok,2,20/7/3 21:18,2,1593825346,200nm,50.0976,1.6
2020-07-04T02:35:14Z,Ok,2,20/7/3 22:36,2,1593830026,200nm,49.7514,1.6
2020-07-04T04:29:14Z,Ok,2,20/7/4 0:30,2,1593836862,200nm,48.6928,1.6
2020-07-04T05:47:14Z,Ok,2,20/7/4 1:48,2,1593841543,200nm,49.8318,1.6
2020-07-04T07:05:14Z,Ok,2,20/7/4 3:6,2,1593846223,200nm,49.5893,1.6
2020-07-04T08:23:14Z,Ok,2,20/7/4 4:24,2,1593850903,200nm,50.3974,1.6
2020-07-04T09:41:14Z,Ok,2,20/7/4 5:42,2,1593855583,200nm,50.5482,1.6
2020-07-04T10:59:14Z,Ok,2,20/7/4 7:0,2,1593860263,200nm,50.4746,1.6
2020-07-04T12:17:14Z,Ok,2,20/7/4 8:18,2,1593864943,200nm,50.2869,1.6
2020-07-04T13:35:14Z,Ok,2,20/7/4 9:36,2,1593869623,200nm,51.0304,1.6
2020-07-04T14:53:14Z,Ok,2,20/7/4 10:54,2,1593874304,200nm,49.7028,1.6
2020-07-04T16:11:14Z,Ok,2,20/7/4 12:12,2,1593878984,200nm,50.0691,1.6
2020-07-04T17:29:14Z,Ok,2,20/7/4 13:30,2,1593883664,200nm,49.5408,1.6
2020-07-04T18:47:14Z,Ok,2,20/7/4 14:48,2,1593888344,200nm,47.7595,1.6
2020-07-04T20:05:14Z,Ok,2,20/7/4 16:6,2,1593893025,200nm,48.5209,1.6
2020-07-04T21:23:14Z,Ok,2,20/7/4 17:24,2,1593897705,200nm,48.0222,1.6
2020-07-04T22:41:14Z,Ok,2,20/7/4 18:42,2,1593902385,200nm,47.8258,1.6
2020-07-04T23:59:14Z,Ok,2,20/7/4 20:0,2,1593907066,200nm,47.919,1.6
2020-07-05T01:17:14Z,Ok,2,20/7/4 21:18,2,1593911746,200nm,47.7498,1.6
2020-07-05T02:35:14Z,Ok,2,20/7/4 22:36,2,1593916426,200nm,47.7602,1.6
2020-07-05T04:29:14Z,Ok,2,20/7/5 0:30,2,1593923262,200nm,46.5164,1.6
2020-07-05T05:47:14Z,Ok,2,20/7/5 1:48,2,1593927943,200nm,47.9006,1.6
2020-07-05T07:05:14Z,Ok,2,20/7/5 3:6,2,1593932623,200nm,47.9837,1.6
2020-07-05T08:23:14Z,Ok,2,20/7/5 4:24,2,1593937303,200nm,47.6105,1.6
2020-07-05T09:41:14Z,Ok,2,20/7/5 5:42,2,1593941983,200nm,48.5077,1.6
2020-07-05T10:59:14Z,Ok,2,20/7/5 7:0,2,1593946663,200nm,47.9435,1.6
2020-07-05T12:17:14Z,Ok,2,20/7/5 8:18,2,1593951343,200nm,48.0663,1.6
2020-07-05T13:35:14Z,Ok,2,20/7/5 9:36,2,1593956024,200nm,47.1766,1.6
2020-07-05T14:53:14Z,Ok,2,20/7/5 10:54,2,1593960704,200nm,47.4711,1.6
2020-07-05T16:11:14Z,Ok,2,20/7/5 12:12,2,1593965384,200nm,47.4232,1.6
2020-07-05T17:29:14Z,Ok,2,20/7/5 13:30,2,1593970064,200nm,47.2424,1.6
2020-07-05T18:47:14Z,Ok,2,20/7/5 14:48,2,1593974745,200nm,47.2067,1.6
2020-07-05T20:05:14Z,Ok,2,20/7/5 16:6,2,1593979425,200nm,45.8391,1.6
2020-07-05T21:23:14Z,Ok,2,20/7/5 17:24,2,1593984105,200nm,46.6762,1.6
2020-07-05T22:41:14Z,Ok,2,20/7/5 18:42,2,1593988786,200nm,46.0965,1.6
2020-07-05T23:59:14Z,Ok,2,20/7/5 20:0,2,1593993466,200nm,45.8957,1.6
2020-07-06T01:17:14Z,Ok,2,20/7/5 21:18,2,1593998146,200nm,45.9474,1.6
2020-07-06T02:35:14Z,Ok,2,20/7/5 22:36,2,1594002826,200nm,45.9223,1.6
2020-07-06T04:29:14Z,Ok,2,20/7/6 0:30,2,1594009662,200nm,44.6739,1.6
2020-07-06T05:47:14Z,Ok,2,20/7/6 1:48,2,1594014343,200nm,45.6664,1.6
2020-07-06T07:05:14Z,Ok,2,20/7/6 3:6,2,1594019023,200nm,45.6139,1.6
2020-07-06T08:23:14Z,Ok,2,20/7/6 4:24,2,1594023703,200nm,46.7698,1.6
2020-07-06T09:41:14Z,Ok,2,20/7/6 5:42,2,1594028383,200nm,46.0553,1.6
2020-07-06T10:59:14Z,Ok,2,20/7/6 7:0,2,1594033063,200nm,46.3122,1.6
2020-07-06T12:17:14Z,Ok,2,20/7/6 8:18,2,1594037743,200nm,46.0724,1.6
2020-07-06T13:35:14Z,Ok,2,20/7/6 9:36,2,1594042424,200nm,47.057,1.6
2020-07-06T14:38:59Z,Ok,2,20/7/6 10:40,2,1594046247,200nm,44.9085,1.6
2020-07-06T15:29:14Z,Ok,2,20/7/6 11:30,2,1594049262,200nm,11.4736,1.6
2020-07-06T16:47:14Z,Ok,2,20/7/6 12:48,2,1594053942,200nm,12.9086,1.6
2020-07-06T18:05:14Z,Ok,2,20/7/6 14:6,2,1594058622,200nm,14.5791,1.6
2020-07-06T19:23:14Z,Ok,2,20/7/6 15:24,2,1594063303,200nm,14.2114,1.6
2020-07-06T20:41:14Z,Ok,2,20/7/6 16:42,2,1594067983,200nm,15.2334,1.6
2020-07-06T21:59:14Z,Ok,2,20/7/6 18:0,2,1594072663,200nm,15.5915,1.6
2020-07-06T23:17:14Z,Ok,2,20/7/6 19:18,2,1594077344,200nm,16.2999,1.6
2020-07-07T00:35:14Z,Ok,2,20/7/6 20:36,2,1594082024,200nm,16.3899,1.6
2020-07-07T01:53:14Z,Ok,2,20/7/6 21:54,2,1594086704,200nm,17.3476,1.6
2020-07-07T03:11:14Z,Ok,2,20/7/6 23:12,2,1594091384,200nm,18.4106,1.6
2020-07-08T04:29:14Z,Ok,2,20/7/8 0:30,2,1594182462,200nm,20.5024,1.6
2020-07-08T05:47:14Z,Ok,2,20/7/8 1:48,2,1594187143,200nm,21.5984,1.6
2020-07-08T07:05:14Z,Ok,2,20/7/8 3:6,2,1594191823,200nm,23.3857,1.6
2020-07-08T08:23:14Z,Ok,2,20/7/8 4:24,2,1594196503,200nm,23.5937,1.6
2020-07-08T09:41:14Z,Ok,2,20/7/8 5:42,2,1594201183,200nm,24.0372,1.6
2020-07-08T10:59:14Z,Ok,2,20/7/8 7:0,2,1594205863,200nm,24.0244,1.6
2020-07-08T12:17:14Z,Ok,2,20/7/8 8:18,2,1594210543,200nm,24.0003,1.6
2020-07-08T13:35:14Z,Ok,2,20/7/8 9:36,2,1594215224,200nm,24.1425,1.6
2020-07-08T14:53:14Z,Ok,2,20/7/8 10:54,2,1594219904,200nm,23.7023,1.6
2020-07-08T16:11:14Z,Ok,2,20/7/8 12:12,2,1594224584,200nm,22.46,1.6
2020-07-08T17:29:14Z,Ok,2,20/7/8 13:30,2,1594229264,200nm,23.321,1.6
2020-07-08T18:47:14Z,Ok,2,20/7/8 14:48,2,1594233944,200nm,22.2026,1.6
2020-07-08T20:05:14Z,Ok,2,20/7/8 16:6,2,1594238625,200nm,20.8861,1.6
2020-07-08T21:23:14Z,Ok,2,20/7/8 17:24,2,1594243305,200nm,20.2452,1.6
2020-07-08T22:41:14Z,Ok,2,20/7/8 18:42,2,1594247985,200nm,19.6633,1.6
2020-07-08T23:59:14Z,Ok,2,20/7/8 20:0,2,1594252666,200nm,22.1221,1.6
2020-07-09T01:17:14Z,Ok,2,20/7/8 21:18,2,1594257346,200nm,24.4901,1.6
2020-07-09T02:35:14Z,Ok,2,20/7/8 22:36,2,1594262026,200nm,26.5843,1.6
2020-07-09T04:29:14Z,Ok,2,20/7/9 0:30,2,1594268862,200nm,27.1564,1.6
2020-07-09T05:47:14Z,Ok,2,20/7/9 1:48,2,1594273543,200nm,29.3962,1.6
2020-07-09T07:05:14Z,Ok,2,20/7/9 3:6,2,1594278223,200nm,29.8738,1.6
2020-07-09T08:23:14Z,Ok,2,20/7/9 4:24,2,1594282903,200nm,31.0536,1.6
2020-07-09T09:41:14Z,Ok,2,20/7/9 5:42,2,1594287583,200nm,33.0371,1.6
2020-07-09T10:59:14Z,Ok,2,20/7/9 7:0,2,1594292263,200nm,34.2441,1.6
2020-07-09T12:17:14Z,Ok,2,20/7/9 8:18,2,1594296943,200nm,36.1647,1.6
2020-07-09T13:35:14Z,Ok,2,20/7/9 9:36,2,1594301624,200nm,35.2024,1.6
2020-07-09T14:53:14Z,Ok,2,20/7/9 10:54,2,1594306304,200nm,34.9076,1.6
2020-07-09T16:11:14Z,Ok,2,20/7/9 12:12,2,1594310984,200nm,31.8529,1.6
2020-07-09T17:29:14Z,Ok,2,20/7/9 13:30,2,1594315664,200nm,29.677,1.6
2020-07-09T18:47:14Z,Ok,2,20/7/9 14:48,2,1594320345,200nm,29.5696,1.6
2020-07-09T20:05:14Z,Ok,2,20/7/9 16:6,2,1594325025,200nm,28.4839,1.6
2020-07-09T21:23:14Z,Ok,2,20/7/9 17:24,2,1594329705,200nm,28.9726,1.6
2020-07-09T22:41:14Z,Ok,2,20/7/9 18:42,2,1594334385,200nm,29.5028,1.6
2020-07-09T23:59:14Z,Ok,2,20/7/9 20:0,2,1594339066,200nm,32.0014,1.6
2020-07-10T01:17:14Z,Ok,2,20/7/9 21:18,2,1594343746,200nm,35.6259,1.6
2020-07-10T02:35:14Z,Ok,2,20/7/9 22:36,2,1594348426,200nm,37.4523,1.6
2020-07-10T04:29:14Z,Ok,2,20/7/10 0:30,2,1594355262,200nm,37.7707,1.6
2020-07-10T05:47:14Z,Ok,2,20/7/10 1:48,2,1594359943,200nm,39.1061,1.6
2020-07-10T07:05:14Z,Ok,2,20/7/10 3:6,2,1594364623,200nm,38.3199,1.6
2020-07-10T08:23:14Z,Ok,2,20/7/10 4:24,2,1594369303,200nm,37.828,1.6
2020-07-10T09:41:14Z,Ok,2,20/7/10 5:42,2,1594373983,200nm,37.5752,1.6
2020-07-10T10:59:14Z,Ok,2,20/7/10 7:0,2,1594378663,200nm,37.2802,1.6
2020-07-10T12:17:14Z,Ok,2,20/7/10 8:18,2,1594383343,200nm,35.488,1.6
2020-07-10T13:35:14Z,Ok,2,20/7/10 9:36,2,1594388024,200nm,34.6547,1.6
2020-07-10T14:53:14Z,Ok,2,20/7/10 10:54,2,1594392704,200nm,32.8795,1.6
2020-07-10T16:11:14Z,Ok,2,20/7/10 12:12,2,1594397384,200nm,32.1838,1.6
2020-07-10T17:29:14Z,Ok,2,20/7/10 13:30,2,1594402064,200nm,31.7905,1.6
2020-07-10T18:47:14Z,Ok,2,20/7/10 14:48,2,1594406745,200nm,31.8318,1.6
2020-07-10T20:05:14Z,Ok,2,20/7/10 16:6,2,1594411425,200nm,31.3225,1.6
2020-07-10T21:23:14Z,Ok,2,20/7/10 17:24,2,1594416105,200nm,30.7136,1.6
2020-07-13T21:08:14Z,Ok,2,20/7/13 17:9,2,1594674403,200nm,11.5482,1.6
2020-07-13T22:26:14Z,Ok,2,20/7/13 18:27,2,1594679083,200nm,12.4239,1.6
2020-07-13T23:44:14Z,Ok,2,20/7/13 19:45,2,1594683764,200nm,14.9617,1.6
2020-07-14T01:02:14Z,Ok,2,20/7/13 21:3,2,1594688444,200nm,15.8539,1.6
2020-07-14T02:20:14Z,Ok,2,20/7/13 22:21,2,1594693124,200nm,13.3847,1.6
2020-07-14T03:38:14Z,Ok,2,20/7/13 23:39,2,1594697804,200nm,13.8637,1.6
2020-07-14T04:29:14Z,Ok,2,20/7/14 0:30,2,1594700862,200nm,12.4496,1.6
2020-07-14T05:47:14Z,Ok,2,20/7/14 1:48,2,1594705543,200nm,14.0694,1.6
2020-07-14T07:05:14Z,Ok,2,20/7/14 3:6,2,1594710223,200nm,14.4179,1.6
2020-07-14T08:23:14Z,Ok,2,20/7/14 4:24,2,1594714903,200nm,15.5098,1.6
2020-07-14T09:41:14Z,Ok,2,20/7/14 5:42,2,1594719583,200nm,14.7659,1.6
2020-07-14T10:59:14Z,Ok,2,20/7/14 7:0,2,1594724263,200nm,17.4242,1.6
2020-07-14T12:17:14Z,Ok,2,20/7/14 8:18,2,1594728943,200nm,17.6541,1.6
2020-07-14T13:35:14Z,Ok,2,20/7/14 9:36,2,1594733623,200nm,22.7795,1.6
2020-07-14T14:53:14Z,Ok,2,20/7/14 10:54,2,1594738303,200nm,21.9128,1.6
2020-07-14T16:11:14Z,Ok,2,20/7/14 12:12,2,1594742984,200nm,23.46,1.6
2020-07-14T17:29:14Z,Ok,2,20/7/14 13:30,2,1594747664,200nm,24.5992,1.6
2020-07-14T18:47:14Z,Ok,2,20/7/14 14:48,2,1594752344,200nm,27.242,1.6
2020-07-14T20:05:14Z,Ok,2,20/7/14 16:6,2,1594757024,200nm,26.2047,1.6
2020-07-14T21:23:14Z,Ok,2,20/7/14 17:24,2,1594761705,200nm,29.9108,1.6
2020-07-14T22:41:14Z,Ok,2,20/7/14 18:42,2,1594766385,200nm,26.7336,1.6
2020-07-14T23:59:14Z,Ok,2,20/7/14 20:0,2,1594771065,200nm,25.9235,1.6
2020-07-15T01:17:14Z,Ok,2,20/7/14 21:18,2,1594775746,200nm,21.4473,1.6
2020-07-15T02:35:14Z,Ok,2,20/7/14 22:36,2,1594780426,200nm,21.7007,1.6
2020-07-15T04:29:14Z,Ok,2,20/7/15 0:30,2,1594787262,200nm,23.307,1.6
2020-07-15T05:47:14Z,Ok,2,20/7/15 1:48,2,1594791943,200nm,26.2859,1.6
2020-07-15T07:05:14Z,Ok,2,20/7/15 3:6,2,1594796623,200nm,26.9332,1.6
2020-07-15T08:23:14Z,Ok,2,20/7/15 4:24,2,1594801303,200nm,30.6607,1.6
2020-07-15T09:41:14Z,Ok,2,20/7/15 5:42,2,1594805983,200nm,29.7543,1.6
2020-07-15T10:59:14Z,Ok,2,20/7/15 7:0,2,1594810663,200nm,30.8854,1.6
2020-07-15T12:17:14Z,Ok,2,20/7/15 8:18,2,1594815343,200nm,31.0247,1.6
2020-07-15T13:35:14Z,Ok,2,20/7/15 9:36,2,1594820023,200nm,30.3225,1.6
2020-07-15T14:53:14Z,Ok,2,20/7/15 10:54,2,1594824704,200nm,29.4169,1.6
2020-07-15T16:11:14Z,Ok,2,20/7/15 12:12,2,1594829384,200nm,30.0086,1.6
2020-07-15T17:29:14Z,Ok,2,20/7/15 13:30,2,1594834064,200nm,32.5671,1.6
2020-07-15T18:47:14Z,Ok,2,20/7/15 14:48,2,1594838744,200nm,34.109,1.6
2020-07-15T20:05:14Z,Ok,2,20/7/15 16:6,2,1594843425,200nm,34.482,1.6
2020-07-15T21:23:14Z,Ok,2,20/7/15 17:24,2,1594848105,200nm,34.6367,1.6
2020-07-15T22:41:14Z,Ok,2,20/7/15 18:42,2,1594852785,200nm,35.3508,1.6
2020-07-15T23:59:14Z,Ok,2,20/7/15 20:0,2,1594857466,200nm,36.7053,1.6
2020-07-16T01:17:14Z,Ok,2,20/7/15 21:18,2,1594862146,200nm,37.0665,1.6
2020-07-16T02:35:14Z,Ok,2,20/7/15 22:36,2,1594866826,200nm,35.0616,1.6
2020-07-16T04:29:14Z,Ok,2,20/7/16 0:30,2,1594873662,200nm,33.8606,1.6
2020-07-16T05:47:14Z,Ok,2,20/7/16 1:48,2,1594878343,200nm,35.798,1.6
2020-07-16T07:05:14Z,Ok,2,20/7/16 3:6,2,1594883023,200nm,37.0514,1.6
2020-07-16T08:23:14Z,Ok,2,20/7/16 4:24,2,1594887703,200nm,36.2412,1.6
2020-07-16T09:41:14Z,Ok,2,20/7/16 5:42,2,1594892383,200nm,36.8267,1.6
2020-07-16T10:59:14Z,Ok,2,20/7/16 7:0,2,1594897063,200nm,37.4236,1.6
2020-07-16T12:17:14Z,Ok,2,20/7/16 8:18,2,1594901744,200nm,38.7996,1.6
2020-07-16T13:35:14Z,Ok,2,20/7/16 9:36,2,1594906424,200nm,39.0046,1.6
2020-07-16T14:53:14Z,Ok,2,20/7/16 10:54,2,1594911104,200nm,39.6392,1.6
2020-07-16T16:11:14Z,Ok,2,20/7/16 12:12,2,1594915784,200nm,40.4509,1.6
2020-07-16T17:29:14Z,Ok,2,20/7/16 13:30,2,1594920464,200nm,40.8111,1.6
2020-07-16T18:47:14Z,Ok,2,20/7/16 14:48,2,1594925144,200nm,41.6749,1.6
2020-07-16T20:05:14Z,Ok,2,20/7/16 16:6,2,1594929825,200nm,41.6468,1.6
2020-07-16T21:23:14Z,Ok,2,20/7/16 17:24,2,1594934505,200nm,42.2098,1.6
2020-07-16T22:41:14Z,Ok,2,20/7/16 18:42,2,1594939185,200nm,44.1135,1.6
2020-07-16T23:59:14Z,Ok,2,20/7/16 20:0,2,1594943865,200nm,43.3276,1.6
2020-07-17T01:17:14Z,Ok,2,20/7/16 21:18,2,1594948546,200nm,44.1938,1.6
2020-07-17T02:35:14Z,Ok,2,20/7/16 22:36,2,1594953226,200nm,43.8207,1.6
2020-07-17T04:29:14Z,Ok,2,20/7/17 0:30,2,1594960062,200nm,42.066,1.6
2020-07-17T05:47:14Z,Ok,2,20/7/17 1:48,2,1594964743,200nm,44.701,1.6
2020-07-17T07:05:14Z,Ok,2,20/7/17 3:6,2,1594969423,200nm,44.4184,1.6
2020-07-17T08:23:14Z,Ok,2,20/7/17 4:24,2,1594974103,200nm,43.9258,1.6
2020-07-17T09:41:14Z,Ok,2,20/7/17 5:42,2,1594978783,200nm,44.1245,1.6
2020-07-17T10:59:14Z,Ok,2,20/7/17 7:0,2,1594983463,200nm,43.0953,1.6
2020-07-17T12:17:14Z,Ok,2,20/7/17 8:18,2,1594988144,200nm,43.3299,1.6
2020-07-17T13:35:14Z,Ok,2,20/7/17 9:36,2,1594992824,200nm,43.9764,1.6
2020-07-17T14:53:14Z,Ok,2,20/7/17 10:54,2,1594997504,200nm,42.8654,1.6
2020-07-17T16:11:14Z,Ok,2,20/7/17 12:12,2,1595002184,200nm,42.8508,1.6
2020-07-17T17:29:14Z,Ok,2,20/7/17 13:30,2,1595006865,200nm,44.3588,1.6
2020-07-17T18:47:14Z,Ok,2,20/7/17 14:48,2,1595011545,200nm,44.346,1.6
2020-07-17T20:05:14Z,Ok,2,20/7/17 16:6,2,1595016225,200nm,43.3259,1.6
2020-07-17T21:23:14Z,Ok,2,20/7/17 17:24,2,1595020905,200nm,43.0839,1.6
2020-07-17T22:41:14Z,Ok,2,20/7/17 18:42,2,1595025586,200nm,43.7061,1.6
2020-07-17T23:59:14Z,Ok,2,20/7/17 20:0,2,1595030266,200nm,42.9104,1.6
2020-07-18T01:17:14Z,Ok,2,20/7/17 21:18,2,1595034946,200nm,42.9316,1.6
2020-07-18T02:35:14Z,Ok,2,20/7/17 22:36,2,1595039626,200nm,41.5355,1.6
2020-07-18T04:29:14Z,Ok,2,20/7/18 0:30,2,1595046462,200nm,40.1323,1.6
2020-07-18T05:47:14Z,Ok,2,20/7/18 1:48,2,1595051143,200nm,41.3209,1.6
2020-07-18T07:05:14Z,Ok,2,20/7/18 3:6,2,1595055823,200nm,39.664,1.6
2020-07-18T08:23:14Z,Ok,2,20/7/18 4:24,2,1595060503,200nm,41.0496,1.6
2020-07-18T09:41:14Z,Ok,2,20/7/18 5:42,2,1595065183,200nm,40.2033,1.6
2020-07-18T10:59:14Z,Ok,2,20/7/18 7:0,2,1595069863,200nm,39.2935,1.6
2020-07-18T12:17:14Z,Ok,2,20/7/18 8:18,2,1595074543,200nm,39.7337,1.6
2020-07-18T13:35:14Z,Ok,2,20/7/18 9:36,2,1595079224,200nm,40.262,1.6
2020-07-18T14:53:14Z,Ok,2,20/7/18 10:54,2,1595083904,200nm,41.3067,1.6
2020-07-18T16:11:14Z,Ok,2,20/7/18 12:12,2,1595088584,200nm,41.9019,1.6
2020-07-18T17:29:14Z,Ok,2,20/7/18 13:30,2,1595093264,200nm,42.2651,1.6
2020-07-18T18:47:14Z,Ok,2,20/7/18 14:48,2,1595097945,200nm,41.6063,1.6
2020-07-18T20:05:14Z,Ok,2,20/7/18 16:6,2,1595102625,200nm,41.9558,1.6
2020-07-18T21:23:14Z,Ok,2,20/7/18 17:24,2,1595107305,200nm,40.6946,1.6
2020-07-18T22:41:14Z,Ok,2,20/7/18 18:42,2,1595111986,200nm,40.5471,1.6
2020-07-18T23:59:14Z,Ok,2,20/7/18 20:0,2,1595116666,200nm,41.4717,1.6
2020-07-19T01:17:14Z,Ok,2,20/7/18 21:18,2,1595121346,200nm,44.5083,1.6
2020-07-19T02:35:14Z,Ok,2,20/7/18 22:36,2,1595126027,200nm,44.2717,1.6
2020-07-19T04:29:14Z,Ok,2,20/7/19 0:30,2,1595132862,200nm,42.6396,1.6
2020-07-19T05:47:14Z,Ok,2,20/7/19 1:48,2,1595137543,200nm,44.2432,1.6
2020-07-19T07:05:14Z,Ok,2,20/7/19 3:6,2,1595142223,200nm,44.1132,1.6
2020-07-19T08:23:14Z,Ok,2,20/7/19 4:24,2,1595146903,200nm,43.5279,1.6
2020-07-19T09:41:14Z,Ok,2,20/7/19 5:42,2,1595151583,200nm,41.852,1.6
2020-07-19T10:59:14Z,Ok,2,20/7/19 7:0,2,1595156263,200nm,42.752,1.6
2020-07-19T12:17:14Z,Ok,2,20/7/19 8:18,2,1595160943,200nm,41.7258,1.6
2020-07-19T13:35:14Z,Ok,2,20/7/19 9:36,2,1595165624,200nm,42.6341,1.6
2020-07-19T14:53:14Z,Ok,2,20/7/19 10:54,2,1595170304,200nm,42.0257,1.6
2020-07-19T16:11:14Z,Ok,2,20/7/19 12:12,2,1595174984,200nm,42.4495,1.6
2020-07-19T17:29:14Z,Ok,2,20/7/19 13:30,2,1595179664,200nm,44.2073,1.6
2020-07-19T18:47:14Z,Ok,2,20/7/19 14:48,2,1595184345,200nm,42.5762,1.6
2020-07-19T20:05:14Z,Ok,2,20/7/19 16:6,2,1595189025,200nm,42.5884,1.6
2020-07-19T21:23:14Z,Ok,2,20/7/19 17:24,2,1595193705,200nm,43.4886,1.6
2020-07-19T22:41:14Z,Ok,2,20/7/19 18:42,2,1595198386,200nm,41.4077,1.6
2020-07-19T23:59:14Z,Ok,2,20/7/19 20:0,2,1595203066,200nm,42.6421,1.6
2020-07-20T01:17:14Z,Ok,2,20/7/19 21:18,2,1595207746,200nm,41.83,1.6
2020-07-20T02:35:14Z,Ok,2,20/7/19 22:36,2,1595212427,200nm,40.741,1.6
2020-07-20T04:29:14Z,Ok,2,20/7/20 0:30,2,1595219262,200nm,38.1786,1.6
2020-07-20T05:47:14Z,Ok,2,20/7/20 1:48,2,1595223943,200nm,40.1636,1.6
2020-07-20T07:05:14Z,Ok,2,20/7/20 3:6,2,1595228623,200nm,40.3709,1.6
2020-07-20T08:23:14Z,Ok,2,20/7/20 4:24,2,1595233303,200nm,39.7155,1.6
2020-07-20T09:41:14Z,Ok,2,20/7/20 5:42,2,1595237983,200nm,39.9196,1.6
2020-07-20T10:59:14Z,Ok,2,20/7/20 7:0,2,1595242663,200nm,39.0766,1.6
2020-07-20T12:17:14Z,Ok,2,20/7/20 8:18,2,1595247343,200nm,38.5514,1.6
2020-07-20T13:58:29Z,Ok,2,20/7/20 9:59,2,1595253418,200nm,37.8089,1.6
2020-07-20T15:16:29Z,Ok,2,20/7/20 11:17,2,1595258098,200nm,41.2635,1.6
2020-07-20T16:34:29Z,Ok,2,20/7/20 12:35,2,1595262778,200nm,40.2453,1.6
2020-07-20T17:52:29Z,Ok,2,20/7/20 13:53,2,1595267459,200nm,41.6504,1.6
2020-07-20T19:10:29Z,Ok,2,20/7/20 15:11,2,1595272139,200nm,40.9348,1.6
2020-07-20T20:28:29Z,Ok,2,20/7/20 16:29,2,1595276819,200nm,40.7986,1.6
2020-07-20T21:46:29Z,Ok,2,20/7/20 17:47,2,1595281500,200nm,40.0042,1.6
2020-07-20T23:04:29Z,Ok,2,20/7/20 19:5,2,1595286180,200nm,42.0018,1.6
2020-07-21T00:22:29Z,Ok,2,20/7/20 20:23,2,1595290860,200nm,40.575,1.6
2020-07-21T01:40:29Z,Ok,2,20/7/20 21:41,2,1595295540,200nm,40.4945,1.6
2020-07-21T02:58:29Z,Ok,2,20/7/20 22:59,2,1595300221,200nm,39.3448,1.6
2020-07-21T04:29:14Z,Ok,2,20/7/21 0:30,2,1595305662,200nm,38.8177,1.6
2020-07-21T05:47:14Z,Ok,2,20/7/21 1:48,2,1595310343,200nm,38.0269,1.6
2020-07-21T07:05:14Z,Ok,2,20/7/21 3:6,2,1595315023,200nm,37.9237,1.6
2020-07-21T08:23:14Z,Ok,2,20/7/21 4:24,2,1595319703,200nm,37.5394,1.6
2020-07-21T09:41:14Z,Ok,2,20/7/21 5:42,2,1595324383,200nm,37.657,1.6
2020-07-21T10:59:14Z,Ok,2,20/7/21 7:0,2,1595329063,200nm,38.9949,1.6
2020-07-21T12:17:14Z,Ok,2,20/7/21 8:18,2,1595333743,200nm,39.2699,1.6
2020-07-21T13:35:14Z,Ok,2,20/7/21 9:36,2,1595338424,200nm,39.4971,1.6
2020-07-21T14:53:14Z,Ok,2,20/7/21 10:54,2,1595343104,200nm,39.7929,1.6
2020-07-21T16:11:14Z,Ok,2,20/7/21 12:12,2,1595347784,200nm,40.968,1.6
2020-07-21T17:29:14Z,Ok,2,20/7/21 13:30,2,1595352464,200nm,39.5482,1.6
2020-07-21T18:47:14Z,Ok,2,20/7/21 14:48,2,1595357145,200nm,36.9519,1.6
2020-07-21T20:05:14Z,Ok,2,20/7/21 16:6,2,1595361825,200nm,36.635,1.6
2020-07-21T21:23:14Z,Ok,2,20/7/21 17:24,2,1595366505,200nm,35.3281,1.6
2020-07-21T22:41:14Z,Ok,2,20/7/21 18:42,2,1595371185,200nm,36.8233,1.6
2020-07-21T23:59:14Z,Ok,2,20/7/21 20:0,2,1595375866,200nm,35.3322,1.6
2020-07-22T01:17:14Z,Ok,2,20/7/21 21:18,2,1595380546,200nm,35.4803,1.6
2020-07-22T02:35:14Z,Ok,2,20/7/21 22:36,2,1595385226,200nm,35.3687,1.6
2020-07-22T04:29:14Z,Ok,2,20/7/22 0:30,2,1595392062,200nm,33.9942,1.6
2020-07-22T05:47:14Z,Ok,2,20/7/22 1:48,2,1595396743,200nm,35.439,1.6
2020-07-22T07:05:14Z,Ok,2,20/7/22 3:6,2,1595401423,200nm,35.7289,1.6
2020-07-23T04:29:14Z,Ok,2,20/7/23 0:30,2,1595478462,200nm,35.7206,1.6
2020-07-23T05:47:14Z,Ok,2,20/7/23 1:48,2,1595483143,200nm,35.1634,1.6
2020-07-23T07:05:14Z,Ok,2,20/7/23 3:6,2,1595487823,200nm,37.2558,1.6
2020-07-23T08:23:14Z,Ok,2,20/7/23 4:24,2,1595492503,200nm,38.4062,1.6
2020-07-23T09:41:14Z,Ok,2,20/7/23 5:42,2,1595497183,200nm,36.4032,1.6
2020-07-23T10:59:14Z,Ok,2,20/7/23 7:0,2,1595501863,200nm,35.2293,1.6
2020-07-23T12:17:14Z,Ok,2,20/7/23 8:18,2,1595506543,200nm,34.8378,1.6
2020-07-23T13:35:14Z,Ok,2,20/7/23 9:36,2,1595511223,200nm,35.0002,1.6
2020-07-23T14:53:14Z,Ok,2,20/7/23 10:54,2,1595515904,200nm,35.2736,1.6
2020-07-23T16:11:14Z,Ok,2,20/7/23 12:12,2,1595520584,200nm,35.9562,1.6
2020-07-23T17:29:14Z,Ok,2,20/7/23 13:30,2,1595525264,200nm,35.6231,1.6
2020-07-23T18:47:14Z,Ok,2,20/7/23 14:48,2,1595529944,200nm,36.2028,1.6
2020-07-23T20:05:14Z,Ok,2,20/7/23 16:6,2,1595534624,200nm,37.1571,1.6
2020-07-23T21:23:14Z,Ok,2,20/7/23 17:24,2,1595539305,200nm,36.7969,1.6
2020-07-23T22:41:14Z,Ok,2,20/7/23 18:42,2,1595543985,200nm,36.6199,1.6
2020-07-23T23:59:14Z,Ok,2,20/7/23 20:0,2,1595548665,200nm,35.5871,1.6
2020-07-24T01:17:14Z,Ok,2,20/7/23 21:18,2,1595553345,200nm,35.8017,1.6
2020-07-24T02:35:14Z,Ok,2,20/7/23 22:36,2,1595558025,200nm,36.0552,1.6
2020-07-24T04:29:14Z,Ok,2,20/7/24 0:30,2,1595564862,200nm,34.8962,1.6
2020-07-24T05:47:14Z,Ok,2,20/7/24 1:48,2,1595569543,200nm,34.1562,1.6
2020-07-24T07:05:14Z,Ok,2,20/7/24 3:6,2,1595574223,200nm,33.7456,1.6
2020-07-24T08:23:14Z,Ok,2,20/7/24 4:24,2,1595578903,200nm,34.0786,1.6
2020-07-24T09:41:14Z,Ok,2,20/7/24 5:42,2,1595583583,200nm,34.052,1.6
2020-07-24T10:59:14Z,Ok,2,20/7/24 7:0,2,1595588263,200nm,33.9258,1.6
2020-07-24T12:17:14Z,Ok,2,20/7/24 8:18,2,1595592943,200nm,33.785,1.6
2020-07-24T13:35:14Z,Ok,2,20/7/24 9:36,2,1595597623,200nm,33.9262,1.6
2020-07-24T14:53:14Z,Ok,2,20/7/24 10:54,2,1595602303,200nm,34.2985,1.6
2020-07-24T16:11:14Z,Ok,2,20/7/24 12:12,2,1595606984,200nm,34.1806,1.6
2020-07-24T17:29:14Z,Ok,2,20/7/24 13:30,2,1595611664,200nm,35.6469,1.6
2020-07-24T18:47:14Z,Ok,2,20/7/24 14:48,2,1595616344,200nm,35.8259,1.6
2020-07-24T20:05:14Z,Ok,2,20/7/24 16:6,2,1595621024,200nm,34.7085,1.6
2020-07-24T21:23:14Z,Ok,2,20/7/24 17:24,2,1595625705,200nm,33.9881,1.6
2020-07-24T22:41:14Z,Ok,2,20/7/24 18:42,2,1595630385,200nm,34.4015,1.6
2020-07-24T23:59:14Z,Ok,2,20/7/24 20:0,2,1595635065,200nm,34.2397,1.6
2020-07-25T01:17:14Z,Ok,2,20/7/24 21:18,2,1595639745,200nm,34.4565,1.6
2020-07-25T02:35:14Z,Ok,2,20/7/24 22:36,2,1595644426,200nm,34.5022,1.6
2020-07-25T04:29:14Z,Ok,2,20/7/25 0:30,2,1595651262,200nm,33.0954,1.6
2020-07-25T05:47:14Z,Ok,2,20/7/25 1:48,2,1595655943,200nm,34.2702,1.6
2020-07-25T07:05:14Z,Ok,2,20/7/25 3:6,2,1595660623,200nm,34.7361,1.6
2020-07-25T08:23:14Z,Ok,2,20/7/25 4:24,2,1595665303,200nm,33.717,1.6
2020-07-25T09:41:14Z,Ok,2,20/7/25 5:42,2,1595669983,200nm,33.1387,1.6
2020-07-25T10:59:14Z,Ok,2,20/7/25 7:0,2,1595674663,200nm,33.3981,1.6
2020-07-25T12:17:14Z,Ok,2,20/7/25 8:18,2,1595679343,200nm,33.3028,1.6
2020-07-25T13:35:14Z,Ok,2,20/7/25 9:36,2,1595684023,200nm,33.2343,1.6
2020-07-25T14:53:14Z,Ok,2,20/7/25 10:54,2,1595688704,200nm,33.8312,1.6
2020-07-25T16:11:14Z,Ok,2,20/7/25 12:12,2,1595693384,200nm,33.7912,1.6
2020-07-25T17:29:14Z,Ok,2,20/7/25 13:30,2,1595698064,200nm,33.6953,1.6
2020-07-25T18:47:14Z,Ok,2,20/7/25 14:48,2,1595702744,200nm,34.0974,1.6
2020-07-25T20:05:14Z,Ok,2,20/7/25 16:6,2,1595707425,200nm,33.7276,1.6
2020-07-25T21:23:14Z,Ok,2,20/7/25 17:24,2,1595712105,200nm,33.2297,1.6
2020-07-25T22:41:14Z,Ok,2,20/7/25 18:42,2,1595716785,200nm,32.8143,1.6
2020-07-25T23:59:14Z,Ok,2,20/7/25 20:0,2,1595721466,200nm,32.9056,1.6
2020-07-26T01:17:14Z,Ok,2,20/7/25 21:18,2,1595726146,200nm,33.0186,1.6
2020-07-26T02:35:14Z,Ok,2,20/7/25 22:36,2,1595730826,200nm,32.9473,1.6
2020-07-26T04:29:14Z,Ok,2,20/7/26 0:30,2,1595737662,200nm,32.3322,1.6
2020-07-26T05:47:14Z,Ok,2,20/7/26 1:48,2,1595742343,200nm,33.0212,1.6
2020-07-26T07:05:14Z,Ok,2,20/7/26 3:6,2,1595747023,200nm,32.8117,1.6
2020-07-26T08:23:14Z,Ok,2,20/7/26 4:24,2,1595751703,200nm,32.8494,1.6
2020-07-26T09:41:14Z,Ok,2,20/7/26 5:42,2,1595756383,200nm,32.6186,1.6
2020-07-26T10:59:14Z,Ok,2,20/7/26 7:0,2,1595761063,200nm,32.4577,1.6
2020-07-26T12:17:14Z,Ok,2,20/7/26 8:18,2,1595765743,200nm,33.0166,1.6
2020-07-26T13:35:14Z,Ok,2,20/7/26 9:36,2,1595770424,200nm,32.6661,1.6
2020-07-26T14:53:14Z,Ok,2,20/7/26 10:54,2,1595775104,200nm,32.5705,1.6
2020-07-26T16:11:14Z,Ok,2,20/7/26 12:12,2,1595779784,200nm,32.9443,1.6
2020-07-26T17:29:14Z,Ok,2,20/7/26 13:30,2,1595784464,200nm,32.8527,1.6
2020-07-26T18:47:14Z,Ok,2,20/7/26 14:48,2,1595789145,200nm,32.5655,1.6
2020-07-26T20:05:14Z,Ok,2,20/7/26 16:6,2,1595793825,200nm,32.5275,1.6
2020-07-27T12:58:29Z,Ok,2,20/7/27 8:59,2,1595854618,200nm,31.9331,1.6
2020-07-27T14:16:29Z,Ok,2,20/7/27 10:17,2,1595859298,200nm,31.9428,1.6
2020-07-27T15:34:29Z,Ok,2,20/7/27 11:35,2,1595863978,200nm,32.4735,1.6
2020-07-27T16:52:29Z,Ok,2,20/7/27 12:53,2,1595868659,200nm,32.381,1.6
2020-07-27T18:10:29Z,Ok,2,20/7/27 14:11,2,1595873339,200nm,32.4102,1.6
2020-07-27T19:28:29Z,Ok,2,20/7/27 15:29,2,1595878019,200nm,32.4822,1.6
2020-07-27T20:46:29Z,Ok,2,20/7/27 16:47,2,1595882699,200nm,32.0602,1.6
2020-07-27T22:04:29Z,Ok,2,20/7/27 18:5,2,1595887380,200nm,32.2009,1.6
2020-07-27T23:22:29Z,Ok,2,20/7/27 19:23,2,1595892060,200nm,32.5074,1.6
2020-07-28T00:40:29Z,Ok,2,20/7/27 20:41,2,1595896740,200nm,32.2444,1.6
2020-07-28T01:58:29Z,Ok,2,20/7/27 21:59,2,1595901420,200nm,31.9969,1.6
2020-07-28T03:16:29Z,Ok,2,20/7/27 23:17,2,1595906101,200nm,31.9449,1.6
2020-07-28T04:29:14Z,Ok,2,20/7/28 0:30,2,1595910462,200nm,31.2091,1.6
2020-07-28T05:47:14Z,Ok,2,20/7/28 1:48,2,1595915143,200nm,31.6031,1.6
2020-07-28T07:05:14Z,Ok,2,20/7/28 3:6,2,1595919823,200nm,31.6706,1.6
2020-07-28T08:23:14Z,Ok,2,20/7/28 4:24,2,1595924503,200nm,31.833,1.6
2020-07-28T09:41:14Z,Ok,2,20/7/28 5:42,2,1595929183,200nm,31.6422,1.6
2020-07-28T10:59:14Z,Ok,2,20/7/28 7:0,2,1595933863,200nm,31.5428,1.6
2020-07-28T12:17:14Z,Ok,2,20/7/28 8:18,2,1595938543,200nm,31.0815,1.6
2020-07-28T13:35:14Z,Ok,2,20/7/28 9:36,2,1595943224,200nm,31.1736,1.6
2020-07-28T14:53:14Z,Ok,2,20/7/28 10:54,2,1595947904,200nm,31.2754,1.6
2020-07-28T16:11:14Z,Ok,2,20/7/28 12:12,2,1595952584,200nm,31.649,1.6
2020-07-28T17:29:14Z,Ok,2,20/7/28 13:30,2,1595957264,200nm,31.5153,1.6
2020-07-28T18:47:14Z,Ok,2,20/7/28 14:48,2,1595961945,200nm,31.6699,1.6
2020-07-28T20:05:14Z,Ok,2,20/7/28 16:6,2,1595966625,200nm,31.6267,1.6
2020-07-28T21:23:14Z,Ok,2,20/7/28 17:24,2,1595971305,200nm,31.2774,1.6
2020-07-28T22:41:14Z,Ok,2,20/7/28 18:42,2,1595975985,200nm,31.6514,1.6
2020-07-28T23:59:14Z,Ok,2,20/7/28 20:0,2,1595980666,200nm,31.9658,1.6
2020-07-29T01:17:14Z,Ok,2,20/7/28 21:18,2,1595985346,200nm,31.9057,1.6
2020-07-29T02:35:14Z,Ok,2,20/7/28 22:36,2,1595990026,200nm,30.5917,1.6
2020-07-29T04:29:14Z,Ok,2,20/7/29 0:30,2,1595996862,200nm,29.8371,1.6
2020-07-29T05:47:14Z,Ok,2,20/7/29 1:48,2,1596001543,200nm,30.5328,1.6
2020-07-29T07:05:14Z,Ok,2,20/7/29 3:6,2,1596006223,200nm,30.613,1.6
2020-07-29T08:23:14Z,Ok,2,20/7/29 4:24,2,1596010903,200nm,30.5669,1.6
2020-07-29T09:41:14Z,Ok,2,20/7/29 5:42,2,1596015583,200nm,31.0302,1.6
2020-07-29T10:59:14Z,Ok,2,20/7/29 7:0,2,1596020263,200nm,31.378,1.6
2020-07-29T12:17:14Z,Ok,2,20/7/29 8:18,2,1596024943,200nm,31.4113,1.6
2020-07-29T13:35:14Z,Ok,2,20/7/29 9:36,2,1596029624,200nm,31.3014,1.6
2020-07-29T14:53:14Z,Ok,2,20/7/29 10:54,2,1596034304,200nm,31.0726,1.6
2020-07-29T16:11:14Z,Ok,2,20/7/29 12:12,2,1596038984,200nm,31.3046,1.6
2020-07-29T17:29:14Z,Ok,2,20/7/29 13:30,2,1596043664,200nm,30.8735,1.6
2020-07-29T18:47:14Z,Ok,2,20/7/29 14:48,2,1596048344,200nm,30.4246,1.6
2020-07-29T20:05:14Z,Ok,2,20/7/29 16:6,2,1596053025,200nm,30.2821,1.6
2020-07-29T21:23:14Z,Ok,2,20/7/29 17:24,2,1596057705,200nm,30.0461,1.6
2020-07-29T22:41:14Z,Ok,2,20/7/29 18:42,2,1596062385,200nm,30.475,1.6
2020-07-29T23:59:14Z,Ok,2,20/7/29 20:0,2,1596067066,200nm,30.7124,1.6
2020-07-30T01:17:14Z,Ok,2,20/7/29 21:18,2,1596071746,200nm,31.0206,1.6
2020-07-30T02:35:14Z,Ok,2,20/7/29 22:36,2,1596076426,200nm,30.3296,1.6
2020-07-30T04:29:14Z,Ok,2,20/7/30 0:30,2,1596083262,200nm,29.4344,1.6
2020-07-30T05:47:14Z,Ok,2,20/7/30 1:48,2,1596087943,200nm,30.0247,1.6
2020-07-30T07:05:14Z,Ok,2,20/7/30 3:6,2,1596092623,200nm,29.8614,1.6
2020-07-30T08:23:14Z,Ok,2,20/7/30 4:24,2,1596097303,200nm,30.2015,1.6
2020-07-30T09:41:14Z,Ok,2,20/7/30 5:42,2,1596101983,200nm,30.6374,1.6
2020-07-30T10:59:14Z,Ok,2,20/7/30 7:0,2,1596106663,200nm,31.3328,1.6
2020-07-30T12:17:14Z,Ok,2,20/7/30 8:18,2,1596111343,200nm,30.5818,1.6
2020-07-30T13:35:14Z,Ok,2,20/7/30 9:36,2,1596116024,200nm,29.8173,1.6
2020-07-30T14:53:14Z,Ok,2,20/7/30 10:54,2,1596120704,200nm,29.9516,1.6
2020-07-30T16:11:14Z,Ok,2,20/7/30 12:12,2,1596125384,200nm,30.5846,1.6
2020-07-30T17:29:14Z,Ok,2,20/7/30 13:30,2,1596130064,200nm,29.7192,1.6
2020-07-30T18:47:14Z,Ok,2,20/7/30 14:48,2,1596134745,200nm,29.6523,1.6
2020-07-30T20:05:14Z,Ok,2,20/7/30 16:6,2,1596139425,200nm,30.1857,1.6
2020-07-30T21:23:14Z,Ok,2,20/7/30 17:24,2,1596144105,200nm,30.5953,1.6
2020-07-30T22:41:14Z,Ok,2,20/7/30 18:42,2,1596148785,200nm,29.9961,1.6
2020-07-30T23:59:14Z,Ok,2,20/7/30 20:0,2,1596153466,200nm,29.4415,1.6
2020-07-31T01:17:14Z,Ok,2,20/7/30 21:18,2,1596158146,200nm,29.5059,1.6
2020-07-31T02:35:14Z,Ok,2,20/7/30 22:36,2,1596162826,200nm,29.1183,1.6
2020-07-31T04:29:14Z,Ok,2,20/7/31 0:30,2,1596169662,200nm,28.7592,1.6
2020-07-31T05:47:14Z,Ok,2,20/7/31 1:48,2,1596174343,200nm,29.1612,1.6
2020-07-31T07:05:14Z,Ok,2,20/7/31 3:6,2,1596179023,200nm,29.4572,1.6
2020-07-31T08:23:14Z,Ok,2,20/7/31 4:24,2,1596183703,200nm,29.1367,1.6
2020-07-31T09:41:14Z,Ok,2,20/7/31 5:42,2,1596188383,200nm,29.4031,1.6
2020-07-31T10:59:14Z,Ok,2,20/7/31 7:0,2,1596193063,200nm,29.4307,1.6
2020-07-31T12:17:14Z,Ok,2,20/7/31 8:18,2,1596197743,200nm,29.4401,1.6
2020-07-31T13:35:14Z,Ok,2,20/7/31 9:36,2,1596202424,200nm,29.3499,1.6
2020-07-31T14:53:14Z,Ok,2,20/7/31 10:54,2,1596207104,200nm,29.1577,1.6
2020-07-31T16:58:29Z,Ok,2,20/7/31 12:59,2,1596214618,200nm,13.5691,1.6
2020-07-31T18:16:29Z,Ok,2,20/7/31 14:17,2,1596219298,200nm,14.4136,1.6
2020-07-31T19:34:29Z,Ok,2,20/7/31 15:35,2,1596223978,200nm,14.4489,1.6
2020-07-31T20:52:29Z,Ok,2,20/7/31 16:53,2,1596228658,200nm,14.7792,1.6
2020-07-31T22:10:29Z,Ok,2,20/7/31 18:11,2,1596233338,200nm,15.3949,1.6
2020-07-31T23:28:29Z,Ok,2,20/7/31 19:29,2,1596238018,200nm,16.3201,1.6
2020-08-01T00:46:29Z,Ok,2,20/7/31 20:47,2,1596242699,200nm,17.7637,1.6
2020-08-01T02:04:29Z,Ok,2,20/7/31 22:5,2,1596247379,200nm,18.0093,1.6
2020-08-01T03:22:29Z,Ok,2,20/7/31 23:23,2,1596252059,200nm,19.5483,1.6
2020-08-01T04:29:14Z,Ok,2,20/8/1 0:30,2,1596256062,200nm,20.3495,1.6
2020-08-01T05:47:14Z,Ok,2,20/8/1 1:48,2,1596260742,200nm,22.5649,1.6
2020-08-01T07:05:14Z,Ok,2,20/8/1 3:6,2,1596265422,200nm,24.2239,1.6
2020-08-01T08:23:14Z,Ok,2,20/8/1 4:24,2,1596270103,200nm,25.5393,1.6
2020-08-01T09:41:14Z,Ok,2,20/8/1 5:42,2,1596274783,200nm,26.5207,1.6
2020-08-01T10:59:14Z,Ok,2,20/8/1 7:0,2,1596279463,200nm,27.2298,1.6
2020-08-01T12:17:14Z,Ok,2,20/8/1 8:18,2,1596284143,200nm,27.7867,1.6
2020-08-01T13:35:14Z,Ok,2,20/8/1 9:36,2,1596288823,200nm,28.6229,1.6
2020-08-01T14:53:14Z,Ok,2,20/8/1 10:54,2,1596293503,200nm,28.7168,1.6
2020-08-01T16:11:14Z,Ok,2,20/8/1 12:12,2,1596298184,200nm,29.2871,1.6
2020-08-01T17:29:14Z,Ok,2,20/8/1 13:30,2,1596302864,200nm,30.0711,1.6
2020-08-01T18:47:14Z,Ok,2,20/8/1 14:48,2,1596307544,200nm,30.5245,1.6
2020-08-01T20:05:14Z,Ok,2,20/8/1 16:6,2,1596312224,200nm,31.1924,1.6
2020-08-01T21:23:14Z,Ok,2,20/8/1 17:24,2,1596316904,200nm,31.8795,1.6
2020-08-01T22:41:14Z,Ok,2,20/8/1 18:42,2,1596321585,200nm,31.9698,1.6
2020-08-01T23:59:14Z,Ok,2,20/8/1 20:0,2,1596326265,200nm,33.9847,1.6
2020-08-02T01:17:14Z,Ok,2,20/8/1 21:18,2,1596330945,200nm,33.8588,1.6
2020-08-02T02:35:14Z,Ok,2,20/8/1 22:36,2,1596335625,200nm,34.18,1.6
2020-08-02T04:29:14Z,Ok,2,20/8/2 0:30,2,1596342462,200nm,35.8296,1.6
2020-08-02T05:47:14Z,Ok,2,20/8/2 1:48,2,1596347143,200nm,35.868,1.6
2020-08-02T07:05:14Z,Ok,2,20/8/2 3:6,2,1596351823,200nm,35.6855,1.6
2020-08-02T08:23:14Z,Ok,2,20/8/2 4:24,2,1596356503,200nm,36.1197,1.6
2020-08-02T09:41:14Z,Ok,2,20/8/2 5:42,2,1596361183,200nm,35.8433,1.6
2020-08-02T10:59:14Z,Ok,2,20/8/2 7:0,2,1596365863,200nm,35.8343,1.6
2020-08-02T12:17:14Z,Ok,2,20/8/2 8:18,2,1596370543,200nm,35.2263,1.6
2020-08-02T13:35:14Z,Ok,2,20/8/2 9:36,2,1596375224,200nm,33.2247,1.6
2020-08-02T14:53:14Z,Ok,2,20/8/2 10:54,2,1596379904,200nm,31.8268,1.6
2020-08-02T16:11:14Z,Ok,2,20/8/2 12:12,2,1596384584,200nm,31.3964,1.6
2020-08-02T17:29:14Z,Ok,2,20/8/2 13:30,2,1596389264,200nm,30.3674,1.6
2020-08-02T18:47:14Z,Ok,2,20/8/2 14:48,2,1596393944,200nm,29.0171,1.6
2020-08-02T20:05:14Z,Ok,2,20/8/2 16:6,2,1596398624,200nm,29.7446,1.6
2020-08-02T21:23:14Z,Ok,2,20/8/2 17:24,2,1596403305,200nm,30.4988,1.6
2020-08-02T22:41:14Z,Ok,2,20/8/2 18:42,2,1596407985,200nm,32.4303,1.6
2020-08-02T23:59:14Z,Ok,2,20/8/2 20:0,2,1596412665,200nm,34.6944,1.6
2020-08-03T01:17:14Z,Ok,2,20/8/2 21:18,2,1596417345,200nm,34.829,1.6
2020-08-03T02:35:14Z,Ok,2,20/8/2 22:36,2,1596422026,200nm,33.8657,1.6
2020-08-03T04:29:14Z,Ok,2,20/8/3 0:30,2,1596428862,200nm,32.5123,1.6
2020-08-03T05:47:14Z,Ok,2,20/8/3 1:48,2,1596433543,200nm,31.4087,1.6
2020-08-03T07:05:14Z,Ok,2,20/8/3 3:6,2,1596438223,200nm,30.4458,1.6
2020-08-03T08:23:14Z,Ok,2,20/8/3 4:24,2,1596442903,200nm,29.949,1.6
2020-08-03T09:41:14Z,Ok,2,20/8/3 5:42,2,1596447583,200nm,31.556,1.6
2020-08-03T10:59:14Z,Ok,2,20/8/3 7:0,2,1596452263,200nm,29.4865,1.6
2020-08-03T12:17:14Z,Ok,2,20/8/3 8:18,2,1596456943,200nm,28.082,1.6
2020-08-03T13:35:14Z,Ok,2,20/8/3 9:36,2,1596461623,200nm,27.6998,1.6
